"taxon"	"run"	"echo_run"	"require_overlap"	"dist_type"	"dist_threshold"	"clusters"	"removed_clusters"	"unique_bins"	"removed_uniques"	"duplicate_bins"	"duplicate_bin_records"	"remaining_dups"	"remaining_dup_records"	"false_pos"	"false_neg"	"finbol_clusters"	"removed_finbol_clusters"	"spp_in_known"	"found_spp_in_known"	"clusters_in_known"	"spurious"	"remaining_spurious"	"false_pos_finbol"	"false_neg_spurious"	"false_pos_comb"	"false_neg_comb"
"Diptera"	1	9	"True"	"wdadn"	1.1	17459	0	7824	7824	708	1120	0	0	1	0	0	0	363	162	314	104	104	NA	1	1	0.12807881773399
"Diptera"	2	9	"True"	"dadn"	1.8	17459	0	7824	7824	708	1120	0	0	1	0	0	0	363	162	314	104	104	NA	1	1	0.12807881773399
"Diptera"	3	10	"True"	"wdadn"	1.1	17459	0	7824	7824	708	1120	0	0	1	0	0	0	363	162	314	104	104	NA	1	1	0.12807881773399
"Diptera"	4	10	"True"	"dadn"	1.8	17459	0	7824	7824	708	1120	0	0	1	0	0	0	363	162	314	104	104	NA	1	1	0.12807881773399
"Diptera"	5	27	"True"	"wdadn"	1.1	17459	0	7824	7824	708	1120	0	0	1	0	0	0	363	162	314	104	104	NA	1	1	0.12807881773399
"Diptera"	6	27	"True"	"dadn"	1.8	17459	0	7824	7824	708	1120	0	0	1	0	0	0	363	162	314	104	104	NA	1	1	0.12807881773399
"Diptera"	7	28	"True"	"wdadn"	1.1	17459	0	7824	7824	708	1120	0	0	1	0	0	0	363	162	314	104	104	NA	1	1	0.12807881773399
"Diptera"	8	28	"True"	"dadn"	1.8	17459	0	7824	7824	708	1120	0	0	1	0	0	0	363	162	314	104	104	NA	1	1	0.12807881773399
"Diptera"	9	9	"False"	"wdadn"	3	17459	0	7824	7824	708	1120	0	0	1	0	0	0	363	162	314	104	104	NA	1	1	0.12807881773399
"Diptera"	10	10	"False"	"wdadn"	3	17459	0	7824	7824	708	1120	0	0	1	0	0	0	363	162	314	104	104	NA	1	1	0.12807881773399
"Diptera"	11	27	"False"	"wdadn"	3	17459	0	7824	7824	708	1120	0	0	1	0	0	0	363	162	314	104	104	NA	1	1	0.12807881773399
"Diptera"	12	28	"False"	"wdadn"	3	17459	0	7824	7824	708	1120	0	0	1	0	0	0	363	162	314	104	104	NA	1	1	0.12807881773399
"Diptera"	13	3	"True"	"wdadn"	1.1	17459	0	7824	7824	708	1120	0	0	1	0	0	0	363	162	314	104	104	NA	1	1	0.12807881773399
"Diptera"	14	3	"True"	"dadn"	1.8	17459	0	7824	7824	708	1120	0	0	1	0	0	0	363	162	314	104	104	NA	1	1	0.12807881773399
"Diptera"	15	4	"True"	"wdadn"	1.1	17459	0	7824	7824	708	1120	0	0	1	0	0	0	363	162	314	104	104	NA	1	1	0.12807881773399
"Diptera"	16	4	"True"	"dadn"	1.8	17459	0	7824	7824	708	1120	0	0	1	0	0	0	363	162	314	104	104	NA	1	1	0.12807881773399
"Diptera"	17	19	"True"	"wdadn"	1.1	17459	0	7824	7824	708	1120	0	0	1	0	0	0	363	162	314	104	104	NA	1	1	0.12807881773399
"Diptera"	18	19	"True"	"dadn"	1.8	17459	0	7824	7824	708	1120	0	0	1	0	0	0	363	162	314	104	104	NA	1	1	0.12807881773399
"Diptera"	19	20	"True"	"wdadn"	1.1	17459	0	7824	7824	708	1120	0	0	1	0	0	0	363	162	314	104	104	NA	1	1	0.12807881773399
"Diptera"	20	20	"True"	"dadn"	1.8	17459	0	7824	7824	708	1120	0	0	1	0	0	0	363	162	314	104	104	NA	1	1	0.12807881773399
"Diptera"	21	7	"True"	"wdadn"	1.1	17459	0	7824	7824	708	1120	0	0	1	0	0	0	363	162	314	104	104	NA	1	1	0.12807881773399
"Diptera"	22	7	"True"	"dadn"	1.8	17459	0	7824	7824	708	1120	0	0	1	0	0	0	363	162	314	104	104	NA	1	1	0.12807881773399
"Diptera"	23	8	"True"	"wdadn"	1.1	17459	0	7824	7824	708	1120	0	0	1	0	0	0	363	162	314	104	104	NA	1	1	0.12807881773399
"Diptera"	24	8	"True"	"dadn"	1.8	17459	0	7824	7824	708	1120	0	0	1	0	0	0	363	162	314	104	104	NA	1	1	0.12807881773399
"Diptera"	25	3	"False"	"wdadn"	3	17459	0	7824	7824	708	1120	0	0	1	0	0	0	363	162	314	104	104	NA	1	1	0.12807881773399
"Diptera"	26	4	"False"	"wdadn"	3	17459	0	7824	7824	708	1120	0	0	1	0	0	0	363	162	314	104	104	NA	1	1	0.12807881773399
"Diptera"	27	7	"False"	"wdadn"	3	17459	0	7824	7824	708	1120	0	0	1	0	0	0	363	162	314	104	104	NA	1	1	0.12807881773399
"Diptera"	28	8	"False"	"wdadn"	3	17459	0	7824	7824	708	1120	0	0	1	0	0	0	363	162	314	104	104	NA	1	1	0.12807881773399
"Diptera"	29	19	"False"	"wdadn"	3	17459	0	7824	7824	708	1120	0	0	1	0	0	0	363	162	314	104	104	NA	1	1	0.12807881773399
"Diptera"	30	20	"False"	"wdadn"	3	17459	0	7824	7824	708	1120	0	0	1	0	0	0	363	162	314	104	104	NA	1	1	0.12807881773399
"Hymenoptera"	1	9	"True"	"wdadn"	1.1	14315	0	5452	5452	338	445	0	0	1	0	0	0	28	12	14	2	2	NA	1	1	0.0058823529411764
"Hymenoptera"	2	9	"True"	"dadn"	1.8	14315	0	5452	5452	338	445	0	0	1	0	0	0	28	12	14	2	2	NA	1	1	0.0058823529411764
"Hymenoptera"	3	10	"True"	"wdadn"	1.1	14315	0	5452	5452	338	445	0	0	1	0	0	0	28	12	14	2	2	NA	1	1	0.0058823529411764
"Hymenoptera"	4	10	"True"	"dadn"	1.8	14315	0	5452	5452	338	445	0	0	1	0	0	0	28	12	14	2	2	NA	1	1	0.0058823529411764
"Hymenoptera"	5	27	"True"	"wdadn"	1.1	14315	0	5452	5452	338	445	0	0	1	0	0	0	28	12	14	2	2	NA	1	1	0.0058823529411764
"Hymenoptera"	6	27	"True"	"dadn"	1.8	14315	0	5452	5452	338	445	0	0	1	0	0	0	28	12	14	2	2	NA	1	1	0.0058823529411764
"Hymenoptera"	7	28	"True"	"wdadn"	1.1	14315	0	5452	5452	338	445	0	0	1	0	0	0	28	12	14	2	2	NA	1	1	0.0058823529411764
"Hymenoptera"	8	28	"True"	"dadn"	1.8	14315	0	5452	5452	338	445	0	0	1	0	0	0	28	12	14	2	2	NA	1	1	0.0058823529411764
"Hymenoptera"	9	9	"False"	"wdadn"	3	14315	0	5452	5452	338	445	0	0	1	0	0	0	28	12	14	2	2	NA	1	1	0.0058823529411764
"Hymenoptera"	10	10	"False"	"wdadn"	3	14315	0	5452	5452	338	445	0	0	1	0	0	0	28	12	14	2	2	NA	1	1	0.0058823529411764
"Hymenoptera"	11	27	"False"	"wdadn"	3	14315	0	5452	5452	338	445	0	0	1	0	0	0	28	12	14	2	2	NA	1	1	0.0058823529411764
"Hymenoptera"	12	28	"False"	"wdadn"	3	14315	0	5452	5452	338	445	0	0	1	0	0	0	28	12	14	2	2	NA	1	1	0.0058823529411764
"Hymenoptera"	13	3	"True"	"wdadn"	1.1	14315	0	5452	5452	338	445	0	0	1	0	0	0	28	12	14	2	2	NA	1	1	0.0058823529411764
"Hymenoptera"	14	3	"True"	"dadn"	1.8	14315	0	5452	5452	338	445	0	0	1	0	0	0	28	12	14	2	2	NA	1	1	0.0058823529411764
"Hymenoptera"	15	4	"True"	"wdadn"	1.1	14315	0	5452	5452	338	445	0	0	1	0	0	0	28	12	14	2	2	NA	1	1	0.0058823529411764
"Hymenoptera"	16	4	"True"	"dadn"	1.8	14315	0	5452	5452	338	445	0	0	1	0	0	0	28	12	14	2	2	NA	1	1	0.0058823529411764
"Hymenoptera"	17	19	"True"	"wdadn"	1.1	14315	0	5452	5452	338	445	0	0	1	0	0	0	28	12	14	2	2	NA	1	1	0.0058823529411764
"Hymenoptera"	18	19	"True"	"dadn"	1.8	14315	0	5452	5452	338	445	0	0	1	0	0	0	28	12	14	2	2	NA	1	1	0.0058823529411764
"Hymenoptera"	19	20	"True"	"wdadn"	1.1	14315	0	5452	5452	338	445	0	0	1	0	0	0	28	12	14	2	2	NA	1	1	0.0058823529411764
"Hymenoptera"	20	20	"True"	"dadn"	1.8	14315	0	5452	5452	338	445	0	0	1	0	0	0	28	12	14	2	2	NA	1	1	0.0058823529411764
"Hymenoptera"	21	7	"True"	"wdadn"	1.1	14315	0	5452	5452	338	445	0	0	1	0	0	0	28	12	14	2	2	NA	1	1	0.0058823529411764
"Hymenoptera"	22	7	"True"	"dadn"	1.8	14315	0	5452	5452	338	445	0	0	1	0	0	0	28	12	14	2	2	NA	1	1	0.0058823529411764
"Hymenoptera"	23	8	"True"	"wdadn"	1.1	14315	0	5452	5452	338	445	0	0	1	0	0	0	28	12	14	2	2	NA	1	1	0.0058823529411764
"Hymenoptera"	24	8	"True"	"dadn"	1.8	14315	0	5452	5452	338	445	0	0	1	0	0	0	28	12	14	2	2	NA	1	1	0.0058823529411764
"Hymenoptera"	25	3	"False"	"wdadn"	3	14315	0	5452	5452	338	445	0	0	1	0	0	0	28	12	14	2	2	NA	1	1	0.0058823529411764
"Hymenoptera"	26	4	"False"	"wdadn"	3	14315	0	5452	5452	338	445	0	0	1	0	0	0	28	12	14	2	2	NA	1	1	0.0058823529411764
"Hymenoptera"	27	7	"False"	"wdadn"	3	14315	0	5452	5452	338	445	0	0	1	0	0	0	28	12	14	2	2	NA	1	1	0.0058823529411764
"Hymenoptera"	28	8	"False"	"wdadn"	3	14315	0	5452	5452	338	445	0	0	1	0	0	0	28	12	14	2	2	NA	1	1	0.0058823529411764
"Hymenoptera"	29	19	"False"	"wdadn"	3	14315	0	5452	5452	338	445	0	0	1	0	0	0	28	12	14	2	2	NA	1	1	0.0058823529411764
"Hymenoptera"	30	20	"False"	"wdadn"	3	14315	0	5452	5452	338	445	0	0	1	0	0	0	28	12	14	2	2	NA	1	1	0.0058823529411764
"Coleoptera"	1	9	"True"	"wdadn"	1.1	2663	0	1675	1675	184	401	0	0	1	0	0	0	620	253	404	70	70	NA	1	1	0.275590551181102
"Coleoptera"	2	9	"True"	"dadn"	1.8	2663	0	1675	1675	184	401	0	0	1	0	0	0	620	253	404	70	70	NA	1	1	0.275590551181102
"Coleoptera"	3	10	"True"	"wdadn"	1.1	2663	0	1675	1675	184	401	0	0	1	0	0	0	620	253	404	70	70	NA	1	1	0.275590551181102
"Coleoptera"	4	10	"True"	"dadn"	1.8	2663	0	1675	1675	184	401	0	0	1	0	0	0	620	253	404	70	70	NA	1	1	0.275590551181102
"Coleoptera"	5	27	"True"	"wdadn"	1.1	2663	0	1675	1675	184	401	0	0	1	0	0	0	620	253	404	70	70	NA	1	1	0.275590551181102
"Coleoptera"	6	27	"True"	"dadn"	1.8	2663	0	1675	1675	184	401	0	0	1	0	0	0	620	253	404	70	70	NA	1	1	0.275590551181102
"Coleoptera"	7	28	"True"	"wdadn"	1.1	2663	0	1675	1675	184	401	0	0	1	0	0	0	620	253	404	70	70	NA	1	1	0.275590551181102
"Coleoptera"	8	28	"True"	"dadn"	1.8	2663	0	1675	1675	184	401	0	0	1	0	0	0	620	253	404	70	70	NA	1	1	0.275590551181102
"Coleoptera"	9	9	"False"	"wdadn"	3	2663	0	1675	1675	184	401	0	0	1	0	0	0	620	253	404	70	70	NA	1	1	0.275590551181102
"Coleoptera"	10	10	"False"	"wdadn"	3	2663	0	1675	1675	184	401	0	0	1	0	0	0	620	253	404	70	70	NA	1	1	0.275590551181102
"Coleoptera"	11	27	"False"	"wdadn"	3	2663	0	1675	1675	184	401	0	0	1	0	0	0	620	253	404	70	70	NA	1	1	0.275590551181102
"Coleoptera"	12	28	"False"	"wdadn"	3	2663	0	1675	1675	184	401	0	0	1	0	0	0	620	253	404	70	70	NA	1	1	0.275590551181102
"Coleoptera"	13	3	"True"	"wdadn"	1.1	2663	0	1675	1675	184	401	0	0	1	0	0	0	620	253	404	70	70	NA	1	1	0.275590551181102
"Coleoptera"	14	3	"True"	"dadn"	1.8	2663	0	1675	1675	184	401	0	0	1	0	0	0	620	253	404	70	70	NA	1	1	0.275590551181102
"Coleoptera"	15	4	"True"	"wdadn"	1.1	2663	0	1675	1675	184	401	0	0	1	0	0	0	620	253	404	70	70	NA	1	1	0.275590551181102
"Coleoptera"	16	4	"True"	"dadn"	1.8	2663	0	1675	1675	184	401	0	0	1	0	0	0	620	253	404	70	70	NA	1	1	0.275590551181102
"Coleoptera"	17	19	"True"	"wdadn"	1.1	2663	0	1675	1675	184	401	0	0	1	0	0	0	620	253	404	70	70	NA	1	1	0.275590551181102
"Coleoptera"	18	19	"True"	"dadn"	1.8	2663	0	1675	1675	184	401	0	0	1	0	0	0	620	253	404	70	70	NA	1	1	0.275590551181102
"Coleoptera"	19	20	"True"	"wdadn"	1.1	2663	0	1675	1675	184	401	0	0	1	0	0	0	620	253	404	70	70	NA	1	1	0.275590551181102
"Coleoptera"	20	20	"True"	"dadn"	1.8	2663	0	1675	1675	184	401	0	0	1	0	0	0	620	253	404	70	70	NA	1	1	0.275590551181102
"Coleoptera"	21	7	"True"	"wdadn"	1.1	2663	0	1675	1675	184	401	0	0	1	0	0	0	620	253	404	70	70	NA	1	1	0.275590551181102
"Coleoptera"	22	7	"True"	"dadn"	1.8	2663	0	1675	1675	184	401	0	0	1	0	0	0	620	253	404	70	70	NA	1	1	0.275590551181102
"Coleoptera"	23	8	"True"	"wdadn"	1.1	2663	0	1675	1675	184	401	0	0	1	0	0	0	620	253	404	70	70	NA	1	1	0.275590551181102
"Coleoptera"	24	8	"True"	"dadn"	1.8	2663	0	1675	1675	184	401	0	0	1	0	0	0	620	253	404	70	70	NA	1	1	0.275590551181102
"Coleoptera"	25	3	"False"	"wdadn"	3	2663	0	1675	1675	184	401	0	0	1	0	0	0	620	253	404	70	70	NA	1	1	0.275590551181102
"Coleoptera"	26	4	"False"	"wdadn"	3	2663	0	1675	1675	184	401	0	0	1	0	0	0	620	253	404	70	70	NA	1	1	0.275590551181102
"Coleoptera"	27	7	"False"	"wdadn"	3	2663	0	1675	1675	184	401	0	0	1	0	0	0	620	253	404	70	70	NA	1	1	0.275590551181102
"Coleoptera"	28	8	"False"	"wdadn"	3	2663	0	1675	1675	184	401	0	0	1	0	0	0	620	253	404	70	70	NA	1	1	0.275590551181102
"Coleoptera"	29	19	"False"	"wdadn"	3	2663	0	1675	1675	184	401	0	0	1	0	0	0	620	253	404	70	70	NA	1	1	0.275590551181102
"Coleoptera"	30	20	"False"	"wdadn"	3	2663	0	1675	1675	184	401	0	0	1	0	0	0	620	253	404	70	70	NA	1	1	0.275590551181102
"Psocodea"	1	9	"True"	"wdadn"	1.1	117	0	65	65	10	14	0	0	1	0	0	0	35	21	69	7	7	NA	1	1	0.411764705882353
"Psocodea"	2	9	"True"	"dadn"	1.8	117	0	65	65	10	14	0	0	1	0	0	0	35	21	69	7	7	NA	1	1	0.411764705882353
"Psocodea"	3	10	"True"	"wdadn"	1.1	117	0	65	65	10	14	0	0	1	0	0	0	35	21	69	7	7	NA	1	1	0.411764705882353
"Psocodea"	4	10	"True"	"dadn"	1.8	117	0	65	65	10	14	0	0	1	0	0	0	35	21	69	7	7	NA	1	1	0.411764705882353
"Psocodea"	5	27	"True"	"wdadn"	1.1	117	0	65	65	10	14	0	0	1	0	0	0	35	21	69	7	7	NA	1	1	0.411764705882353
"Psocodea"	6	27	"True"	"dadn"	1.8	117	0	65	65	10	14	0	0	1	0	0	0	35	21	69	7	7	NA	1	1	0.411764705882353
"Psocodea"	7	28	"True"	"wdadn"	1.1	117	0	65	65	10	14	0	0	1	0	0	0	35	21	69	7	7	NA	1	1	0.411764705882353
"Psocodea"	8	28	"True"	"dadn"	1.8	117	0	65	65	10	14	0	0	1	0	0	0	35	21	69	7	7	NA	1	1	0.411764705882353
"Psocodea"	9	9	"False"	"wdadn"	3	117	0	65	65	10	14	0	0	1	0	0	0	35	21	69	7	7	NA	1	1	0.411764705882353
"Psocodea"	10	10	"False"	"wdadn"	3	117	0	65	65	10	14	0	0	1	0	0	0	35	21	69	7	7	NA	1	1	0.411764705882353
"Psocodea"	11	27	"False"	"wdadn"	3	117	0	65	65	10	14	0	0	1	0	0	0	35	21	69	7	7	NA	1	1	0.411764705882353
"Psocodea"	12	28	"False"	"wdadn"	3	117	0	65	65	10	14	0	0	1	0	0	0	35	21	69	7	7	NA	1	1	0.411764705882353
"Psocodea"	13	3	"True"	"wdadn"	1.1	117	0	65	65	10	14	0	0	1	0	0	0	35	21	69	7	7	NA	1	1	0.411764705882353
"Psocodea"	14	3	"True"	"dadn"	1.8	117	0	65	65	10	14	0	0	1	0	0	0	35	21	69	7	7	NA	1	1	0.411764705882353
"Psocodea"	15	4	"True"	"wdadn"	1.1	117	0	65	65	10	14	0	0	1	0	0	0	35	21	69	7	7	NA	1	1	0.411764705882353
"Psocodea"	16	4	"True"	"dadn"	1.8	117	0	65	65	10	14	0	0	1	0	0	0	35	21	69	7	7	NA	1	1	0.411764705882353
"Psocodea"	17	19	"True"	"wdadn"	1.1	117	0	65	65	10	14	0	0	1	0	0	0	35	21	69	7	7	NA	1	1	0.411764705882353
"Psocodea"	18	19	"True"	"dadn"	1.8	117	0	65	65	10	14	0	0	1	0	0	0	35	21	69	7	7	NA	1	1	0.411764705882353
"Psocodea"	19	20	"True"	"wdadn"	1.1	117	0	65	65	10	14	0	0	1	0	0	0	35	21	69	7	7	NA	1	1	0.411764705882353
"Psocodea"	20	20	"True"	"dadn"	1.8	117	0	65	65	10	14	0	0	1	0	0	0	35	21	69	7	7	NA	1	1	0.411764705882353
"Psocodea"	21	7	"True"	"wdadn"	1.1	117	0	65	65	10	14	0	0	1	0	0	0	35	21	69	7	7	NA	1	1	0.411764705882353
"Psocodea"	22	7	"True"	"dadn"	1.8	117	0	65	65	10	14	0	0	1	0	0	0	35	21	69	7	7	NA	1	1	0.411764705882353
"Psocodea"	23	8	"True"	"wdadn"	1.1	117	0	65	65	10	14	0	0	1	0	0	0	35	21	69	7	7	NA	1	1	0.411764705882353
"Psocodea"	24	8	"True"	"dadn"	1.8	117	0	65	65	10	14	0	0	1	0	0	0	35	21	69	7	7	NA	1	1	0.411764705882353
"Psocodea"	25	3	"False"	"wdadn"	3	117	0	65	65	10	14	0	0	1	0	0	0	35	21	69	7	7	NA	1	1	0.411764705882353
"Psocodea"	26	4	"False"	"wdadn"	3	117	0	65	65	10	14	0	0	1	0	0	0	35	21	69	7	7	NA	1	1	0.411764705882353
"Psocodea"	27	7	"False"	"wdadn"	3	117	0	65	65	10	14	0	0	1	0	0	0	35	21	69	7	7	NA	1	1	0.411764705882353
"Psocodea"	28	8	"False"	"wdadn"	3	117	0	65	65	10	14	0	0	1	0	0	0	35	21	69	7	7	NA	1	1	0.411764705882353
"Psocodea"	29	19	"False"	"wdadn"	3	117	0	65	65	10	14	0	0	1	0	0	0	35	21	69	7	7	NA	1	1	0.411764705882353
"Psocodea"	30	20	"False"	"wdadn"	3	117	0	65	65	10	14	0	0	1	0	0	0	35	21	69	7	7	NA	1	1	0.411764705882353
"Lepidoptera"	1	9	"True"	"wdadn"	1.1	1755	0	1534	1534	36	61	0	0	1	0	0	0	670	333	414	69	69	NA	1	1	0.657142857142857
"Lepidoptera"	2	9	"True"	"dadn"	1.8	1755	0	1534	1534	36	61	0	0	1	0	0	0	670	333	414	69	69	NA	1	1	0.657142857142857
"Lepidoptera"	3	10	"True"	"wdadn"	1.1	1755	0	1534	1534	36	61	0	0	1	0	0	0	670	333	414	69	69	NA	1	1	0.657142857142857
"Lepidoptera"	4	10	"True"	"dadn"	1.8	1755	0	1534	1534	36	61	0	0	1	0	0	0	670	333	414	69	69	NA	1	1	0.657142857142857
"Lepidoptera"	5	27	"True"	"wdadn"	1.1	1755	0	1534	1534	36	61	0	0	1	0	0	0	670	333	414	69	69	NA	1	1	0.657142857142857
"Lepidoptera"	6	27	"True"	"dadn"	1.8	1755	0	1534	1534	36	61	0	0	1	0	0	0	670	333	414	69	69	NA	1	1	0.657142857142857
"Lepidoptera"	7	28	"True"	"wdadn"	1.1	1755	0	1534	1534	36	61	0	0	1	0	0	0	670	333	414	69	69	NA	1	1	0.657142857142857
"Lepidoptera"	8	28	"True"	"dadn"	1.8	1755	0	1534	1534	36	61	0	0	1	0	0	0	670	333	414	69	69	NA	1	1	0.657142857142857
"Lepidoptera"	9	9	"False"	"wdadn"	3	1755	0	1534	1534	36	61	0	0	1	0	0	0	670	333	414	69	69	NA	1	1	0.657142857142857
"Lepidoptera"	10	10	"False"	"wdadn"	3	1755	0	1534	1534	36	61	0	0	1	0	0	0	670	333	414	69	69	NA	1	1	0.657142857142857
"Lepidoptera"	11	27	"False"	"wdadn"	3	1755	0	1534	1534	36	61	0	0	1	0	0	0	670	333	414	69	69	NA	1	1	0.657142857142857
"Lepidoptera"	12	28	"False"	"wdadn"	3	1755	0	1534	1534	36	61	0	0	1	0	0	0	670	333	414	69	69	NA	1	1	0.657142857142857
"Lepidoptera"	13	3	"True"	"wdadn"	1.1	1755	0	1534	1534	36	61	0	0	1	0	0	0	670	333	414	69	69	NA	1	1	0.657142857142857
"Lepidoptera"	14	3	"True"	"dadn"	1.8	1755	0	1534	1534	36	61	0	0	1	0	0	0	670	333	414	69	69	NA	1	1	0.657142857142857
"Lepidoptera"	15	4	"True"	"wdadn"	1.1	1755	0	1534	1534	36	61	0	0	1	0	0	0	670	333	414	69	69	NA	1	1	0.657142857142857
"Lepidoptera"	16	4	"True"	"dadn"	1.8	1755	0	1534	1534	36	61	0	0	1	0	0	0	670	333	414	69	69	NA	1	1	0.657142857142857
"Lepidoptera"	17	19	"True"	"wdadn"	1.1	1755	0	1534	1534	36	61	0	0	1	0	0	0	670	333	414	69	69	NA	1	1	0.657142857142857
"Lepidoptera"	18	19	"True"	"dadn"	1.8	1755	0	1534	1534	36	61	0	0	1	0	0	0	670	333	414	69	69	NA	1	1	0.657142857142857
"Lepidoptera"	19	20	"True"	"wdadn"	1.1	1755	0	1534	1534	36	61	0	0	1	0	0	0	670	333	414	69	69	NA	1	1	0.657142857142857
"Lepidoptera"	20	20	"True"	"dadn"	1.8	1755	0	1534	1534	36	61	0	0	1	0	0	0	670	333	414	69	69	NA	1	1	0.657142857142857
"Lepidoptera"	21	7	"True"	"wdadn"	1.1	1755	0	1534	1534	36	61	0	0	1	0	0	0	670	333	414	69	69	NA	1	1	0.657142857142857
"Lepidoptera"	22	7	"True"	"dadn"	1.8	1755	0	1534	1534	36	61	0	0	1	0	0	0	670	333	414	69	69	NA	1	1	0.657142857142857
"Lepidoptera"	23	8	"True"	"wdadn"	1.1	1755	0	1534	1534	36	61	0	0	1	0	0	0	670	333	414	69	69	NA	1	1	0.657142857142857
"Lepidoptera"	24	8	"True"	"dadn"	1.8	1755	0	1534	1534	36	61	0	0	1	0	0	0	670	333	414	69	69	NA	1	1	0.657142857142857
"Lepidoptera"	25	3	"False"	"wdadn"	3	1755	0	1534	1534	36	61	0	0	1	0	0	0	670	333	414	69	69	NA	1	1	0.657142857142857
"Lepidoptera"	26	4	"False"	"wdadn"	3	1755	0	1534	1534	36	61	0	0	1	0	0	0	670	333	414	69	69	NA	1	1	0.657142857142857
"Lepidoptera"	27	7	"False"	"wdadn"	3	1755	0	1534	1534	36	61	0	0	1	0	0	0	670	333	414	69	69	NA	1	1	0.657142857142857
"Lepidoptera"	28	8	"False"	"wdadn"	3	1755	0	1534	1534	36	61	0	0	1	0	0	0	670	333	414	69	69	NA	1	1	0.657142857142857
"Lepidoptera"	29	19	"False"	"wdadn"	3	1755	0	1534	1534	36	61	0	0	1	0	0	0	670	333	414	69	69	NA	1	1	0.657142857142857
"Lepidoptera"	30	20	"False"	"wdadn"	3	1755	0	1534	1534	36	61	0	0	1	0	0	0	670	333	414	69	69	NA	1	1	0.657142857142857
"Strepsiptera"	1	9	"True"	"wdadn"	1.1	9	0	7	7	0	0	0	0	1	NA	0	0	2	3	3	0	0	NA	NA	1	NA
"Strepsiptera"	2	9	"True"	"dadn"	1.8	9	0	7	7	0	0	0	0	1	NA	0	0	2	3	3	0	0	NA	NA	1	NA
"Strepsiptera"	3	10	"True"	"wdadn"	1.1	9	0	7	7	0	0	0	0	1	NA	0	0	2	3	3	0	0	NA	NA	1	NA
"Strepsiptera"	4	10	"True"	"dadn"	1.8	9	0	7	7	0	0	0	0	1	NA	0	0	2	3	3	0	0	NA	NA	1	NA
"Strepsiptera"	5	27	"True"	"wdadn"	1.1	9	0	7	7	0	0	0	0	1	NA	0	0	2	3	3	0	0	NA	NA	1	NA
"Strepsiptera"	6	27	"True"	"dadn"	1.8	9	0	7	7	0	0	0	0	1	NA	0	0	2	3	3	0	0	NA	NA	1	NA
"Strepsiptera"	7	28	"True"	"wdadn"	1.1	9	0	7	7	0	0	0	0	1	NA	0	0	2	3	3	0	0	NA	NA	1	NA
"Strepsiptera"	8	28	"True"	"dadn"	1.8	9	0	7	7	0	0	0	0	1	NA	0	0	2	3	3	0	0	NA	NA	1	NA
"Strepsiptera"	9	9	"False"	"wdadn"	3	9	0	7	7	0	0	0	0	1	NA	0	0	2	3	3	0	0	NA	NA	1	NA
"Strepsiptera"	10	10	"False"	"wdadn"	3	9	0	7	7	0	0	0	0	1	NA	0	0	2	3	3	0	0	NA	NA	1	NA
"Strepsiptera"	11	27	"False"	"wdadn"	3	9	0	7	7	0	0	0	0	1	NA	0	0	2	3	3	0	0	NA	NA	1	NA
"Strepsiptera"	12	28	"False"	"wdadn"	3	9	0	7	7	0	0	0	0	1	NA	0	0	2	3	3	0	0	NA	NA	1	NA
"Strepsiptera"	13	3	"True"	"wdadn"	1.1	9	0	7	7	0	0	0	0	1	NA	0	0	2	3	3	0	0	NA	NA	1	NA
"Strepsiptera"	14	3	"True"	"dadn"	1.8	9	0	7	7	0	0	0	0	1	NA	0	0	2	3	3	0	0	NA	NA	1	NA
"Strepsiptera"	15	4	"True"	"wdadn"	1.1	9	0	7	7	0	0	0	0	1	NA	0	0	2	3	3	0	0	NA	NA	1	NA
"Strepsiptera"	16	4	"True"	"dadn"	1.8	9	0	7	7	0	0	0	0	1	NA	0	0	2	3	3	0	0	NA	NA	1	NA
"Strepsiptera"	17	19	"True"	"wdadn"	1.1	9	0	7	7	0	0	0	0	1	NA	0	0	2	3	3	0	0	NA	NA	1	NA
"Strepsiptera"	18	19	"True"	"dadn"	1.8	9	0	7	7	0	0	0	0	1	NA	0	0	2	3	3	0	0	NA	NA	1	NA
"Strepsiptera"	19	20	"True"	"wdadn"	1.1	9	0	7	7	0	0	0	0	1	NA	0	0	2	3	3	0	0	NA	NA	1	NA
"Strepsiptera"	20	20	"True"	"dadn"	1.8	9	0	7	7	0	0	0	0	1	NA	0	0	2	3	3	0	0	NA	NA	1	NA
"Strepsiptera"	21	7	"True"	"wdadn"	1.1	9	0	7	7	0	0	0	0	1	NA	0	0	2	3	3	0	0	NA	NA	1	NA
"Strepsiptera"	22	7	"True"	"dadn"	1.8	9	0	7	7	0	0	0	0	1	NA	0	0	2	3	3	0	0	NA	NA	1	NA
"Strepsiptera"	23	8	"True"	"wdadn"	1.1	9	0	7	7	0	0	0	0	1	NA	0	0	2	3	3	0	0	NA	NA	1	NA
"Strepsiptera"	24	8	"True"	"dadn"	1.8	9	0	7	7	0	0	0	0	1	NA	0	0	2	3	3	0	0	NA	NA	1	NA
"Strepsiptera"	25	3	"False"	"wdadn"	3	9	0	7	7	0	0	0	0	1	NA	0	0	2	3	3	0	0	NA	NA	1	NA
"Strepsiptera"	26	4	"False"	"wdadn"	3	9	0	7	7	0	0	0	0	1	NA	0	0	2	3	3	0	0	NA	NA	1	NA
"Strepsiptera"	27	7	"False"	"wdadn"	3	9	0	7	7	0	0	0	0	1	NA	0	0	2	3	3	0	0	NA	NA	1	NA
"Strepsiptera"	28	8	"False"	"wdadn"	3	9	0	7	7	0	0	0	0	1	NA	0	0	2	3	3	0	0	NA	NA	1	NA
"Strepsiptera"	29	19	"False"	"wdadn"	3	9	0	7	7	0	0	0	0	1	NA	0	0	2	3	3	0	0	NA	NA	1	NA
"Strepsiptera"	30	20	"False"	"wdadn"	3	9	0	7	7	0	0	0	0	1	NA	0	0	2	3	3	0	0	NA	NA	1	NA
"Mecoptera"	1	9	"True"	"wdadn"	1.1	8	0	5	5	0	0	0	0	1	NA	0	0	2	1	4	0	0	NA	NA	1	NA
"Mecoptera"	2	9	"True"	"dadn"	1.8	8	0	5	5	0	0	0	0	1	NA	0	0	2	1	4	0	0	NA	NA	1	NA
"Mecoptera"	3	10	"True"	"wdadn"	1.1	8	0	5	5	0	0	0	0	1	NA	0	0	2	1	4	0	0	NA	NA	1	NA
"Mecoptera"	4	10	"True"	"dadn"	1.8	8	0	5	5	0	0	0	0	1	NA	0	0	2	1	4	0	0	NA	NA	1	NA
"Mecoptera"	5	27	"True"	"wdadn"	1.1	8	0	5	5	0	0	0	0	1	NA	0	0	2	1	4	0	0	NA	NA	1	NA
"Mecoptera"	6	27	"True"	"dadn"	1.8	8	0	5	5	0	0	0	0	1	NA	0	0	2	1	4	0	0	NA	NA	1	NA
"Mecoptera"	7	28	"True"	"wdadn"	1.1	8	0	5	5	0	0	0	0	1	NA	0	0	2	1	4	0	0	NA	NA	1	NA
"Mecoptera"	8	28	"True"	"dadn"	1.8	8	0	5	5	0	0	0	0	1	NA	0	0	2	1	4	0	0	NA	NA	1	NA
"Mecoptera"	9	9	"False"	"wdadn"	3	8	0	5	5	0	0	0	0	1	NA	0	0	2	1	4	0	0	NA	NA	1	NA
"Mecoptera"	10	10	"False"	"wdadn"	3	8	0	5	5	0	0	0	0	1	NA	0	0	2	1	4	0	0	NA	NA	1	NA
"Mecoptera"	11	27	"False"	"wdadn"	3	8	0	5	5	0	0	0	0	1	NA	0	0	2	1	4	0	0	NA	NA	1	NA
"Mecoptera"	12	28	"False"	"wdadn"	3	8	0	5	5	0	0	0	0	1	NA	0	0	2	1	4	0	0	NA	NA	1	NA
"Mecoptera"	13	3	"True"	"wdadn"	1.1	8	0	5	5	0	0	0	0	1	NA	0	0	2	1	4	0	0	NA	NA	1	NA
"Mecoptera"	14	3	"True"	"dadn"	1.8	8	0	5	5	0	0	0	0	1	NA	0	0	2	1	4	0	0	NA	NA	1	NA
"Mecoptera"	15	4	"True"	"wdadn"	1.1	8	0	5	5	0	0	0	0	1	NA	0	0	2	1	4	0	0	NA	NA	1	NA
"Mecoptera"	16	4	"True"	"dadn"	1.8	8	0	5	5	0	0	0	0	1	NA	0	0	2	1	4	0	0	NA	NA	1	NA
"Mecoptera"	17	19	"True"	"wdadn"	1.1	8	0	5	5	0	0	0	0	1	NA	0	0	2	1	4	0	0	NA	NA	1	NA
"Mecoptera"	18	19	"True"	"dadn"	1.8	8	0	5	5	0	0	0	0	1	NA	0	0	2	1	4	0	0	NA	NA	1	NA
"Mecoptera"	19	20	"True"	"wdadn"	1.1	8	0	5	5	0	0	0	0	1	NA	0	0	2	1	4	0	0	NA	NA	1	NA
"Mecoptera"	20	20	"True"	"dadn"	1.8	8	0	5	5	0	0	0	0	1	NA	0	0	2	1	4	0	0	NA	NA	1	NA
"Mecoptera"	21	7	"True"	"wdadn"	1.1	8	0	5	5	0	0	0	0	1	NA	0	0	2	1	4	0	0	NA	NA	1	NA
"Mecoptera"	22	7	"True"	"dadn"	1.8	8	0	5	5	0	0	0	0	1	NA	0	0	2	1	4	0	0	NA	NA	1	NA
"Mecoptera"	23	8	"True"	"wdadn"	1.1	8	0	5	5	0	0	0	0	1	NA	0	0	2	1	4	0	0	NA	NA	1	NA
"Mecoptera"	24	8	"True"	"dadn"	1.8	8	0	5	5	0	0	0	0	1	NA	0	0	2	1	4	0	0	NA	NA	1	NA
"Mecoptera"	25	3	"False"	"wdadn"	3	8	0	5	5	0	0	0	0	1	NA	0	0	2	1	4	0	0	NA	NA	1	NA
"Mecoptera"	26	4	"False"	"wdadn"	3	8	0	5	5	0	0	0	0	1	NA	0	0	2	1	4	0	0	NA	NA	1	NA
"Mecoptera"	27	7	"False"	"wdadn"	3	8	0	5	5	0	0	0	0	1	NA	0	0	2	1	4	0	0	NA	NA	1	NA
"Mecoptera"	28	8	"False"	"wdadn"	3	8	0	5	5	0	0	0	0	1	NA	0	0	2	1	4	0	0	NA	NA	1	NA
"Mecoptera"	29	19	"False"	"wdadn"	3	8	0	5	5	0	0	0	0	1	NA	0	0	2	1	4	0	0	NA	NA	1	NA
"Mecoptera"	30	20	"False"	"wdadn"	3	8	0	5	5	0	0	0	0	1	NA	0	0	2	1	4	0	0	NA	NA	1	NA
"Trichoptera"	1	9	"True"	"wdadn"	1.1	389	0	156	156	5	6	0	0	1	0	0	0	113	59	71	10	10	NA	1	1	0.666666666666667
"Trichoptera"	2	9	"True"	"dadn"	1.8	389	0	156	156	5	6	0	0	1	0	0	0	113	59	71	10	10	NA	1	1	0.666666666666667
"Trichoptera"	3	10	"True"	"wdadn"	1.1	389	0	156	156	5	6	0	0	1	0	0	0	113	59	71	10	10	NA	1	1	0.666666666666667
"Trichoptera"	4	10	"True"	"dadn"	1.8	389	0	156	156	5	6	0	0	1	0	0	0	113	59	71	10	10	NA	1	1	0.666666666666667
"Trichoptera"	5	27	"True"	"wdadn"	1.1	389	0	156	156	5	6	0	0	1	0	0	0	113	59	71	10	10	NA	1	1	0.666666666666667
"Trichoptera"	6	27	"True"	"dadn"	1.8	389	0	156	156	5	6	0	0	1	0	0	0	113	59	71	10	10	NA	1	1	0.666666666666667
"Trichoptera"	7	28	"True"	"wdadn"	1.1	389	0	156	156	5	6	0	0	1	0	0	0	113	59	71	10	10	NA	1	1	0.666666666666667
"Trichoptera"	8	28	"True"	"dadn"	1.8	389	0	156	156	5	6	0	0	1	0	0	0	113	59	71	10	10	NA	1	1	0.666666666666667
"Trichoptera"	9	9	"False"	"wdadn"	3	389	0	156	156	5	6	0	0	1	0	0	0	113	59	71	10	10	NA	1	1	0.666666666666667
"Trichoptera"	10	10	"False"	"wdadn"	3	389	0	156	156	5	6	0	0	1	0	0	0	113	59	71	10	10	NA	1	1	0.666666666666667
"Trichoptera"	11	27	"False"	"wdadn"	3	389	0	156	156	5	6	0	0	1	0	0	0	113	59	71	10	10	NA	1	1	0.666666666666667
"Trichoptera"	12	28	"False"	"wdadn"	3	389	0	156	156	5	6	0	0	1	0	0	0	113	59	71	10	10	NA	1	1	0.666666666666667
"Trichoptera"	13	3	"True"	"wdadn"	1.1	389	0	156	156	5	6	0	0	1	0	0	0	113	59	71	10	10	NA	1	1	0.666666666666667
"Trichoptera"	14	3	"True"	"dadn"	1.8	389	0	156	156	5	6	0	0	1	0	0	0	113	59	71	10	10	NA	1	1	0.666666666666667
"Trichoptera"	15	4	"True"	"wdadn"	1.1	389	0	156	156	5	6	0	0	1	0	0	0	113	59	71	10	10	NA	1	1	0.666666666666667
"Trichoptera"	16	4	"True"	"dadn"	1.8	389	0	156	156	5	6	0	0	1	0	0	0	113	59	71	10	10	NA	1	1	0.666666666666667
"Trichoptera"	17	19	"True"	"wdadn"	1.1	389	0	156	156	5	6	0	0	1	0	0	0	113	59	71	10	10	NA	1	1	0.666666666666667
"Trichoptera"	18	19	"True"	"dadn"	1.8	389	0	156	156	5	6	0	0	1	0	0	0	113	59	71	10	10	NA	1	1	0.666666666666667
"Trichoptera"	19	20	"True"	"wdadn"	1.1	389	0	156	156	5	6	0	0	1	0	0	0	113	59	71	10	10	NA	1	1	0.666666666666667
"Trichoptera"	20	20	"True"	"dadn"	1.8	389	0	156	156	5	6	0	0	1	0	0	0	113	59	71	10	10	NA	1	1	0.666666666666667
"Trichoptera"	21	7	"True"	"wdadn"	1.1	389	0	156	156	5	6	0	0	1	0	0	0	113	59	71	10	10	NA	1	1	0.666666666666667
"Trichoptera"	22	7	"True"	"dadn"	1.8	389	0	156	156	5	6	0	0	1	0	0	0	113	59	71	10	10	NA	1	1	0.666666666666667
"Trichoptera"	23	8	"True"	"wdadn"	1.1	389	0	156	156	5	6	0	0	1	0	0	0	113	59	71	10	10	NA	1	1	0.666666666666667
"Trichoptera"	24	8	"True"	"dadn"	1.8	389	0	156	156	5	6	0	0	1	0	0	0	113	59	71	10	10	NA	1	1	0.666666666666667
"Trichoptera"	25	3	"False"	"wdadn"	3	389	0	156	156	5	6	0	0	1	0	0	0	113	59	71	10	10	NA	1	1	0.666666666666667
"Trichoptera"	26	4	"False"	"wdadn"	3	389	0	156	156	5	6	0	0	1	0	0	0	113	59	71	10	10	NA	1	1	0.666666666666667
"Trichoptera"	27	7	"False"	"wdadn"	3	389	0	156	156	5	6	0	0	1	0	0	0	113	59	71	10	10	NA	1	1	0.666666666666667
"Trichoptera"	28	8	"False"	"wdadn"	3	389	0	156	156	5	6	0	0	1	0	0	0	113	59	71	10	10	NA	1	1	0.666666666666667
"Trichoptera"	29	19	"False"	"wdadn"	3	389	0	156	156	5	6	0	0	1	0	0	0	113	59	71	10	10	NA	1	1	0.666666666666667
"Trichoptera"	30	20	"False"	"wdadn"	3	389	0	156	156	5	6	0	0	1	0	0	0	113	59	71	10	10	NA	1	1	0.666666666666667
"Thysanoptera"	1	9	"True"	"wdadn"	1.1	165	0	56	56	1	1	0	0	1	0	0	0	0	0	0	0	0	NA	NA	1	0
"Thysanoptera"	2	9	"True"	"dadn"	1.8	165	0	56	56	1	1	0	0	1	0	0	0	0	0	0	0	0	NA	NA	1	0
"Thysanoptera"	3	10	"True"	"wdadn"	1.1	165	0	56	56	1	1	0	0	1	0	0	0	0	0	0	0	0	NA	NA	1	0
"Thysanoptera"	4	10	"True"	"dadn"	1.8	165	0	56	56	1	1	0	0	1	0	0	0	0	0	0	0	0	NA	NA	1	0
"Thysanoptera"	5	27	"True"	"wdadn"	1.1	165	0	56	56	1	1	0	0	1	0	0	0	0	0	0	0	0	NA	NA	1	0
"Thysanoptera"	6	27	"True"	"dadn"	1.8	165	0	56	56	1	1	0	0	1	0	0	0	0	0	0	0	0	NA	NA	1	0
"Thysanoptera"	7	28	"True"	"wdadn"	1.1	165	0	56	56	1	1	0	0	1	0	0	0	0	0	0	0	0	NA	NA	1	0
"Thysanoptera"	8	28	"True"	"dadn"	1.8	165	0	56	56	1	1	0	0	1	0	0	0	0	0	0	0	0	NA	NA	1	0
"Thysanoptera"	9	9	"False"	"wdadn"	3	165	0	56	56	1	1	0	0	1	0	0	0	0	0	0	0	0	NA	NA	1	0
"Thysanoptera"	10	10	"False"	"wdadn"	3	165	0	56	56	1	1	0	0	1	0	0	0	0	0	0	0	0	NA	NA	1	0
"Thysanoptera"	11	27	"False"	"wdadn"	3	165	0	56	56	1	1	0	0	1	0	0	0	0	0	0	0	0	NA	NA	1	0
"Thysanoptera"	12	28	"False"	"wdadn"	3	165	0	56	56	1	1	0	0	1	0	0	0	0	0	0	0	0	NA	NA	1	0
"Thysanoptera"	13	3	"True"	"wdadn"	1.1	165	0	56	56	1	1	0	0	1	0	0	0	0	0	0	0	0	NA	NA	1	0
"Thysanoptera"	14	3	"True"	"dadn"	1.8	165	0	56	56	1	1	0	0	1	0	0	0	0	0	0	0	0	NA	NA	1	0
"Thysanoptera"	15	4	"True"	"wdadn"	1.1	165	0	56	56	1	1	0	0	1	0	0	0	0	0	0	0	0	NA	NA	1	0
"Thysanoptera"	16	4	"True"	"dadn"	1.8	165	0	56	56	1	1	0	0	1	0	0	0	0	0	0	0	0	NA	NA	1	0
"Thysanoptera"	17	19	"True"	"wdadn"	1.1	165	0	56	56	1	1	0	0	1	0	0	0	0	0	0	0	0	NA	NA	1	0
"Thysanoptera"	18	19	"True"	"dadn"	1.8	165	0	56	56	1	1	0	0	1	0	0	0	0	0	0	0	0	NA	NA	1	0
"Thysanoptera"	19	20	"True"	"wdadn"	1.1	165	0	56	56	1	1	0	0	1	0	0	0	0	0	0	0	0	NA	NA	1	0
"Thysanoptera"	20	20	"True"	"dadn"	1.8	165	0	56	56	1	1	0	0	1	0	0	0	0	0	0	0	0	NA	NA	1	0
"Thysanoptera"	21	7	"True"	"wdadn"	1.1	165	0	56	56	1	1	0	0	1	0	0	0	0	0	0	0	0	NA	NA	1	0
"Thysanoptera"	22	7	"True"	"dadn"	1.8	165	0	56	56	1	1	0	0	1	0	0	0	0	0	0	0	0	NA	NA	1	0
"Thysanoptera"	23	8	"True"	"wdadn"	1.1	165	0	56	56	1	1	0	0	1	0	0	0	0	0	0	0	0	NA	NA	1	0
"Thysanoptera"	24	8	"True"	"dadn"	1.8	165	0	56	56	1	1	0	0	1	0	0	0	0	0	0	0	0	NA	NA	1	0
"Thysanoptera"	25	3	"False"	"wdadn"	3	165	0	56	56	1	1	0	0	1	0	0	0	0	0	0	0	0	NA	NA	1	0
"Thysanoptera"	26	4	"False"	"wdadn"	3	165	0	56	56	1	1	0	0	1	0	0	0	0	0	0	0	0	NA	NA	1	0
"Thysanoptera"	27	7	"False"	"wdadn"	3	165	0	56	56	1	1	0	0	1	0	0	0	0	0	0	0	0	NA	NA	1	0
"Thysanoptera"	28	8	"False"	"wdadn"	3	165	0	56	56	1	1	0	0	1	0	0	0	0	0	0	0	0	NA	NA	1	0
"Thysanoptera"	29	19	"False"	"wdadn"	3	165	0	56	56	1	1	0	0	1	0	0	0	0	0	0	0	0	NA	NA	1	0
"Thysanoptera"	30	20	"False"	"wdadn"	3	165	0	56	56	1	1	0	0	1	0	0	0	0	0	0	0	0	NA	NA	1	0
"Symphypleona"	1	9	"True"	"wdadn"	1.1	212	0	66	66	19	38	0	0	1	0	0	0	6	2	11	7	7	NA	1	1	0.269230769230769
"Symphypleona"	2	9	"True"	"dadn"	1.8	212	0	66	66	19	38	0	0	1	0	0	0	6	2	11	7	7	NA	1	1	0.269230769230769
"Symphypleona"	3	10	"True"	"wdadn"	1.1	212	0	66	66	19	38	0	0	1	0	0	0	6	2	11	7	7	NA	1	1	0.269230769230769
"Symphypleona"	4	10	"True"	"dadn"	1.8	212	0	66	66	19	38	0	0	1	0	0	0	6	2	11	7	7	NA	1	1	0.269230769230769
"Symphypleona"	5	27	"True"	"wdadn"	1.1	212	0	66	66	19	38	0	0	1	0	0	0	6	2	11	7	7	NA	1	1	0.269230769230769
"Symphypleona"	6	27	"True"	"dadn"	1.8	212	0	66	66	19	38	0	0	1	0	0	0	6	2	11	7	7	NA	1	1	0.269230769230769
"Symphypleona"	7	28	"True"	"wdadn"	1.1	212	0	66	66	19	38	0	0	1	0	0	0	6	2	11	7	7	NA	1	1	0.269230769230769
"Symphypleona"	8	28	"True"	"dadn"	1.8	212	0	66	66	19	38	0	0	1	0	0	0	6	2	11	7	7	NA	1	1	0.269230769230769
"Symphypleona"	9	9	"False"	"wdadn"	3	212	0	66	66	19	38	0	0	1	0	0	0	6	2	11	7	7	NA	1	1	0.269230769230769
"Symphypleona"	10	10	"False"	"wdadn"	3	212	0	66	66	19	38	0	0	1	0	0	0	6	2	11	7	7	NA	1	1	0.269230769230769
"Symphypleona"	11	27	"False"	"wdadn"	3	212	0	66	66	19	38	0	0	1	0	0	0	6	2	11	7	7	NA	1	1	0.269230769230769
"Symphypleona"	12	28	"False"	"wdadn"	3	212	0	66	66	19	38	0	0	1	0	0	0	6	2	11	7	7	NA	1	1	0.269230769230769
"Symphypleona"	13	3	"True"	"wdadn"	1.1	212	0	66	66	19	38	0	0	1	0	0	0	6	2	11	7	7	NA	1	1	0.269230769230769
"Symphypleona"	14	3	"True"	"dadn"	1.8	212	0	66	66	19	38	0	0	1	0	0	0	6	2	11	7	7	NA	1	1	0.269230769230769
"Symphypleona"	15	4	"True"	"wdadn"	1.1	212	0	66	66	19	38	0	0	1	0	0	0	6	2	11	7	7	NA	1	1	0.269230769230769
"Symphypleona"	16	4	"True"	"dadn"	1.8	212	0	66	66	19	38	0	0	1	0	0	0	6	2	11	7	7	NA	1	1	0.269230769230769
"Symphypleona"	17	19	"True"	"wdadn"	1.1	212	0	66	66	19	38	0	0	1	0	0	0	6	2	11	7	7	NA	1	1	0.269230769230769
"Symphypleona"	18	19	"True"	"dadn"	1.8	212	0	66	66	19	38	0	0	1	0	0	0	6	2	11	7	7	NA	1	1	0.269230769230769
"Symphypleona"	19	20	"True"	"wdadn"	1.1	212	0	66	66	19	38	0	0	1	0	0	0	6	2	11	7	7	NA	1	1	0.269230769230769
"Symphypleona"	20	20	"True"	"dadn"	1.8	212	0	66	66	19	38	0	0	1	0	0	0	6	2	11	7	7	NA	1	1	0.269230769230769
"Symphypleona"	21	7	"True"	"wdadn"	1.1	212	0	66	66	19	38	0	0	1	0	0	0	6	2	11	7	7	NA	1	1	0.269230769230769
"Symphypleona"	22	7	"True"	"dadn"	1.8	212	0	66	66	19	38	0	0	1	0	0	0	6	2	11	7	7	NA	1	1	0.269230769230769
"Symphypleona"	23	8	"True"	"wdadn"	1.1	212	0	66	66	19	38	0	0	1	0	0	0	6	2	11	7	7	NA	1	1	0.269230769230769
"Symphypleona"	24	8	"True"	"dadn"	1.8	212	0	66	66	19	38	0	0	1	0	0	0	6	2	11	7	7	NA	1	1	0.269230769230769
"Symphypleona"	25	3	"False"	"wdadn"	3	212	0	66	66	19	38	0	0	1	0	0	0	6	2	11	7	7	NA	1	1	0.269230769230769
"Symphypleona"	26	4	"False"	"wdadn"	3	212	0	66	66	19	38	0	0	1	0	0	0	6	2	11	7	7	NA	1	1	0.269230769230769
"Symphypleona"	27	7	"False"	"wdadn"	3	212	0	66	66	19	38	0	0	1	0	0	0	6	2	11	7	7	NA	1	1	0.269230769230769
"Symphypleona"	28	8	"False"	"wdadn"	3	212	0	66	66	19	38	0	0	1	0	0	0	6	2	11	7	7	NA	1	1	0.269230769230769
"Symphypleona"	29	19	"False"	"wdadn"	3	212	0	66	66	19	38	0	0	1	0	0	0	6	2	11	7	7	NA	1	1	0.269230769230769
"Symphypleona"	30	20	"False"	"wdadn"	3	212	0	66	66	19	38	0	0	1	0	0	0	6	2	11	7	7	NA	1	1	0.269230769230769
"Odonata"	1	9	"True"	"wdadn"	1.1	34	0	20	20	3	3	0	0	1	0	0	0	57	15	28	10	10	NA	1	1	0.769230769230769
"Odonata"	2	9	"True"	"dadn"	1.8	34	0	20	20	3	3	0	0	1	0	0	0	57	15	28	10	10	NA	1	1	0.769230769230769
"Odonata"	3	10	"True"	"wdadn"	1.1	34	0	20	20	3	3	0	0	1	0	0	0	57	15	28	10	10	NA	1	1	0.769230769230769
"Odonata"	4	10	"True"	"dadn"	1.8	34	0	20	20	3	3	0	0	1	0	0	0	57	15	28	10	10	NA	1	1	0.769230769230769
"Odonata"	5	27	"True"	"wdadn"	1.1	34	0	20	20	3	3	0	0	1	0	0	0	57	15	28	10	10	NA	1	1	0.769230769230769
"Odonata"	6	27	"True"	"dadn"	1.8	34	0	20	20	3	3	0	0	1	0	0	0	57	15	28	10	10	NA	1	1	0.769230769230769
"Odonata"	7	28	"True"	"wdadn"	1.1	34	0	20	20	3	3	0	0	1	0	0	0	57	15	28	10	10	NA	1	1	0.769230769230769
"Odonata"	8	28	"True"	"dadn"	1.8	34	0	20	20	3	3	0	0	1	0	0	0	57	15	28	10	10	NA	1	1	0.769230769230769
"Odonata"	9	9	"False"	"wdadn"	3	34	0	20	20	3	3	0	0	1	0	0	0	57	15	28	10	10	NA	1	1	0.769230769230769
"Odonata"	10	10	"False"	"wdadn"	3	34	0	20	20	3	3	0	0	1	0	0	0	57	15	28	10	10	NA	1	1	0.769230769230769
"Odonata"	11	27	"False"	"wdadn"	3	34	0	20	20	3	3	0	0	1	0	0	0	57	15	28	10	10	NA	1	1	0.769230769230769
"Odonata"	12	28	"False"	"wdadn"	3	34	0	20	20	3	3	0	0	1	0	0	0	57	15	28	10	10	NA	1	1	0.769230769230769
"Odonata"	13	3	"True"	"wdadn"	1.1	34	0	20	20	3	3	0	0	1	0	0	0	57	15	28	10	10	NA	1	1	0.769230769230769
"Odonata"	14	3	"True"	"dadn"	1.8	34	0	20	20	3	3	0	0	1	0	0	0	57	15	28	10	10	NA	1	1	0.769230769230769
"Odonata"	15	4	"True"	"wdadn"	1.1	34	0	20	20	3	3	0	0	1	0	0	0	57	15	28	10	10	NA	1	1	0.769230769230769
"Odonata"	16	4	"True"	"dadn"	1.8	34	0	20	20	3	3	0	0	1	0	0	0	57	15	28	10	10	NA	1	1	0.769230769230769
"Odonata"	17	19	"True"	"wdadn"	1.1	34	0	20	20	3	3	0	0	1	0	0	0	57	15	28	10	10	NA	1	1	0.769230769230769
"Odonata"	18	19	"True"	"dadn"	1.8	34	0	20	20	3	3	0	0	1	0	0	0	57	15	28	10	10	NA	1	1	0.769230769230769
"Odonata"	19	20	"True"	"wdadn"	1.1	34	0	20	20	3	3	0	0	1	0	0	0	57	15	28	10	10	NA	1	1	0.769230769230769
"Odonata"	20	20	"True"	"dadn"	1.8	34	0	20	20	3	3	0	0	1	0	0	0	57	15	28	10	10	NA	1	1	0.769230769230769
"Odonata"	21	7	"True"	"wdadn"	1.1	34	0	20	20	3	3	0	0	1	0	0	0	57	15	28	10	10	NA	1	1	0.769230769230769
"Odonata"	22	7	"True"	"dadn"	1.8	34	0	20	20	3	3	0	0	1	0	0	0	57	15	28	10	10	NA	1	1	0.769230769230769
"Odonata"	23	8	"True"	"wdadn"	1.1	34	0	20	20	3	3	0	0	1	0	0	0	57	15	28	10	10	NA	1	1	0.769230769230769
"Odonata"	24	8	"True"	"dadn"	1.8	34	0	20	20	3	3	0	0	1	0	0	0	57	15	28	10	10	NA	1	1	0.769230769230769
"Odonata"	25	3	"False"	"wdadn"	3	34	0	20	20	3	3	0	0	1	0	0	0	57	15	28	10	10	NA	1	1	0.769230769230769
"Odonata"	26	4	"False"	"wdadn"	3	34	0	20	20	3	3	0	0	1	0	0	0	57	15	28	10	10	NA	1	1	0.769230769230769
"Odonata"	27	7	"False"	"wdadn"	3	34	0	20	20	3	3	0	0	1	0	0	0	57	15	28	10	10	NA	1	1	0.769230769230769
"Odonata"	28	8	"False"	"wdadn"	3	34	0	20	20	3	3	0	0	1	0	0	0	57	15	28	10	10	NA	1	1	0.769230769230769
"Odonata"	29	19	"False"	"wdadn"	3	34	0	20	20	3	3	0	0	1	0	0	0	57	15	28	10	10	NA	1	1	0.769230769230769
"Odonata"	30	20	"False"	"wdadn"	3	34	0	20	20	3	3	0	0	1	0	0	0	57	15	28	10	10	NA	1	1	0.769230769230769
"Entomobryomorpha"	1	9	"True"	"wdadn"	1.1	787	0	187	187	72	303	0	0	1	0	0	0	5	3	28	14	14	NA	1	1	0.162790697674419
"Entomobryomorpha"	2	9	"True"	"dadn"	1.8	787	0	187	187	72	303	0	0	1	0	0	0	5	3	28	14	14	NA	1	1	0.162790697674419
"Entomobryomorpha"	3	10	"True"	"wdadn"	1.1	787	0	187	187	72	303	0	0	1	0	0	0	5	3	28	14	14	NA	1	1	0.162790697674419
"Entomobryomorpha"	4	10	"True"	"dadn"	1.8	787	0	187	187	72	303	0	0	1	0	0	0	5	3	28	14	14	NA	1	1	0.162790697674419
"Entomobryomorpha"	5	27	"True"	"wdadn"	1.1	787	0	187	187	72	303	0	0	1	0	0	0	5	3	28	14	14	NA	1	1	0.162790697674419
"Entomobryomorpha"	6	27	"True"	"dadn"	1.8	787	0	187	187	72	303	0	0	1	0	0	0	5	3	28	14	14	NA	1	1	0.162790697674419
"Entomobryomorpha"	7	28	"True"	"wdadn"	1.1	787	0	187	187	72	303	0	0	1	0	0	0	5	3	28	14	14	NA	1	1	0.162790697674419
"Entomobryomorpha"	8	28	"True"	"dadn"	1.8	787	0	187	187	72	303	0	0	1	0	0	0	5	3	28	14	14	NA	1	1	0.162790697674419
"Entomobryomorpha"	9	9	"False"	"wdadn"	3	787	0	187	187	72	303	0	0	1	0	0	0	5	3	28	14	14	NA	1	1	0.162790697674419
"Entomobryomorpha"	10	10	"False"	"wdadn"	3	787	0	187	187	72	303	0	0	1	0	0	0	5	3	28	14	14	NA	1	1	0.162790697674419
"Entomobryomorpha"	11	27	"False"	"wdadn"	3	787	0	187	187	72	303	0	0	1	0	0	0	5	3	28	14	14	NA	1	1	0.162790697674419
"Entomobryomorpha"	12	28	"False"	"wdadn"	3	787	0	187	187	72	303	0	0	1	0	0	0	5	3	28	14	14	NA	1	1	0.162790697674419
"Entomobryomorpha"	13	3	"True"	"wdadn"	1.1	787	0	187	187	72	303	0	0	1	0	0	0	5	3	28	14	14	NA	1	1	0.162790697674419
"Entomobryomorpha"	14	3	"True"	"dadn"	1.8	787	0	187	187	72	303	0	0	1	0	0	0	5	3	28	14	14	NA	1	1	0.162790697674419
"Entomobryomorpha"	15	4	"True"	"wdadn"	1.1	787	0	187	187	72	303	0	0	1	0	0	0	5	3	28	14	14	NA	1	1	0.162790697674419
"Entomobryomorpha"	16	4	"True"	"dadn"	1.8	787	0	187	187	72	303	0	0	1	0	0	0	5	3	28	14	14	NA	1	1	0.162790697674419
"Entomobryomorpha"	17	19	"True"	"wdadn"	1.1	787	0	187	187	72	303	0	0	1	0	0	0	5	3	28	14	14	NA	1	1	0.162790697674419
"Entomobryomorpha"	18	19	"True"	"dadn"	1.8	787	0	187	187	72	303	0	0	1	0	0	0	5	3	28	14	14	NA	1	1	0.162790697674419
"Entomobryomorpha"	19	20	"True"	"wdadn"	1.1	787	0	187	187	72	303	0	0	1	0	0	0	5	3	28	14	14	NA	1	1	0.162790697674419
"Entomobryomorpha"	20	20	"True"	"dadn"	1.8	787	0	187	187	72	303	0	0	1	0	0	0	5	3	28	14	14	NA	1	1	0.162790697674419
"Entomobryomorpha"	21	7	"True"	"wdadn"	1.1	787	0	187	187	72	303	0	0	1	0	0	0	5	3	28	14	14	NA	1	1	0.162790697674419
"Entomobryomorpha"	22	7	"True"	"dadn"	1.8	787	0	187	187	72	303	0	0	1	0	0	0	5	3	28	14	14	NA	1	1	0.162790697674419
"Entomobryomorpha"	23	8	"True"	"wdadn"	1.1	787	0	187	187	72	303	0	0	1	0	0	0	5	3	28	14	14	NA	1	1	0.162790697674419
"Entomobryomorpha"	24	8	"True"	"dadn"	1.8	787	0	187	187	72	303	0	0	1	0	0	0	5	3	28	14	14	NA	1	1	0.162790697674419
"Entomobryomorpha"	25	3	"False"	"wdadn"	3	787	0	187	187	72	303	0	0	1	0	0	0	5	3	28	14	14	NA	1	1	0.162790697674419
"Entomobryomorpha"	26	4	"False"	"wdadn"	3	787	0	187	187	72	303	0	0	1	0	0	0	5	3	28	14	14	NA	1	1	0.162790697674419
"Entomobryomorpha"	27	7	"False"	"wdadn"	3	787	0	187	187	72	303	0	0	1	0	0	0	5	3	28	14	14	NA	1	1	0.162790697674419
"Entomobryomorpha"	28	8	"False"	"wdadn"	3	787	0	187	187	72	303	0	0	1	0	0	0	5	3	28	14	14	NA	1	1	0.162790697674419
"Entomobryomorpha"	29	19	"False"	"wdadn"	3	787	0	187	187	72	303	0	0	1	0	0	0	5	3	28	14	14	NA	1	1	0.162790697674419
"Entomobryomorpha"	30	20	"False"	"wdadn"	3	787	0	187	187	72	303	0	0	1	0	0	0	5	3	28	14	14	NA	1	1	0.162790697674419
"Hemiptera"	1	9	"True"	"wdadn"	1.1	1869	0	844	844	100	131	0	0	1	0	0	0	213	86	138	30	30	NA	1	1	0.230769230769231
"Hemiptera"	2	9	"True"	"dadn"	1.8	1869	0	844	844	100	131	0	0	1	0	0	0	213	86	138	30	30	NA	1	1	0.230769230769231
"Hemiptera"	3	10	"True"	"wdadn"	1.1	1869	0	844	844	100	131	0	0	1	0	0	0	213	86	138	30	30	NA	1	1	0.230769230769231
"Hemiptera"	4	10	"True"	"dadn"	1.8	1869	0	844	844	100	131	0	0	1	0	0	0	213	86	138	30	30	NA	1	1	0.230769230769231
"Hemiptera"	5	27	"True"	"wdadn"	1.1	1869	0	844	844	100	131	0	0	1	0	0	0	213	86	138	30	30	NA	1	1	0.230769230769231
"Hemiptera"	6	27	"True"	"dadn"	1.8	1869	0	844	844	100	131	0	0	1	0	0	0	213	86	138	30	30	NA	1	1	0.230769230769231
"Hemiptera"	7	28	"True"	"wdadn"	1.1	1869	0	844	844	100	131	0	0	1	0	0	0	213	86	138	30	30	NA	1	1	0.230769230769231
"Hemiptera"	8	28	"True"	"dadn"	1.8	1869	0	844	844	100	131	0	0	1	0	0	0	213	86	138	30	30	NA	1	1	0.230769230769231
"Hemiptera"	9	9	"False"	"wdadn"	3	1869	0	844	844	100	131	0	0	1	0	0	0	213	86	138	30	30	NA	1	1	0.230769230769231
"Hemiptera"	10	10	"False"	"wdadn"	3	1869	0	844	844	100	131	0	0	1	0	0	0	213	86	138	30	30	NA	1	1	0.230769230769231
"Hemiptera"	11	27	"False"	"wdadn"	3	1869	0	844	844	100	131	0	0	1	0	0	0	213	86	138	30	30	NA	1	1	0.230769230769231
"Hemiptera"	12	28	"False"	"wdadn"	3	1869	0	844	844	100	131	0	0	1	0	0	0	213	86	138	30	30	NA	1	1	0.230769230769231
"Hemiptera"	13	3	"True"	"wdadn"	1.1	1869	0	844	844	100	131	0	0	1	0	0	0	213	86	138	30	30	NA	1	1	0.230769230769231
"Hemiptera"	14	3	"True"	"dadn"	1.8	1869	0	844	844	100	131	0	0	1	0	0	0	213	86	138	30	30	NA	1	1	0.230769230769231
"Hemiptera"	15	4	"True"	"wdadn"	1.1	1869	0	844	844	100	131	0	0	1	0	0	0	213	86	138	30	30	NA	1	1	0.230769230769231
"Hemiptera"	16	4	"True"	"dadn"	1.8	1869	0	844	844	100	131	0	0	1	0	0	0	213	86	138	30	30	NA	1	1	0.230769230769231
"Hemiptera"	17	19	"True"	"wdadn"	1.1	1869	0	844	844	100	131	0	0	1	0	0	0	213	86	138	30	30	NA	1	1	0.230769230769231
"Hemiptera"	18	19	"True"	"dadn"	1.8	1869	0	844	844	100	131	0	0	1	0	0	0	213	86	138	30	30	NA	1	1	0.230769230769231
"Hemiptera"	19	20	"True"	"wdadn"	1.1	1869	0	844	844	100	131	0	0	1	0	0	0	213	86	138	30	30	NA	1	1	0.230769230769231
"Hemiptera"	20	20	"True"	"dadn"	1.8	1869	0	844	844	100	131	0	0	1	0	0	0	213	86	138	30	30	NA	1	1	0.230769230769231
"Hemiptera"	21	7	"True"	"wdadn"	1.1	1869	0	844	844	100	131	0	0	1	0	0	0	213	86	138	30	30	NA	1	1	0.230769230769231
"Hemiptera"	22	7	"True"	"dadn"	1.8	1869	0	844	844	100	131	0	0	1	0	0	0	213	86	138	30	30	NA	1	1	0.230769230769231
"Hemiptera"	23	8	"True"	"wdadn"	1.1	1869	0	844	844	100	131	0	0	1	0	0	0	213	86	138	30	30	NA	1	1	0.230769230769231
"Hemiptera"	24	8	"True"	"dadn"	1.8	1869	0	844	844	100	131	0	0	1	0	0	0	213	86	138	30	30	NA	1	1	0.230769230769231
"Hemiptera"	25	3	"False"	"wdadn"	3	1869	0	844	844	100	131	0	0	1	0	0	0	213	86	138	30	30	NA	1	1	0.230769230769231
"Hemiptera"	26	4	"False"	"wdadn"	3	1869	0	844	844	100	131	0	0	1	0	0	0	213	86	138	30	30	NA	1	1	0.230769230769231
"Hemiptera"	27	7	"False"	"wdadn"	3	1869	0	844	844	100	131	0	0	1	0	0	0	213	86	138	30	30	NA	1	1	0.230769230769231
"Hemiptera"	28	8	"False"	"wdadn"	3	1869	0	844	844	100	131	0	0	1	0	0	0	213	86	138	30	30	NA	1	1	0.230769230769231
"Hemiptera"	29	19	"False"	"wdadn"	3	1869	0	844	844	100	131	0	0	1	0	0	0	213	86	138	30	30	NA	1	1	0.230769230769231
"Hemiptera"	30	20	"False"	"wdadn"	3	1869	0	844	844	100	131	0	0	1	0	0	0	213	86	138	30	30	NA	1	1	0.230769230769231
"Plecoptera"	1	9	"True"	"wdadn"	1.1	61	0	38	38	9	15	0	0	1	0	0	0	16	14	22	2	2	NA	1	1	0.181818181818182
"Plecoptera"	2	9	"True"	"dadn"	1.8	61	0	38	38	9	15	0	0	1	0	0	0	16	14	22	2	2	NA	1	1	0.181818181818182
"Plecoptera"	3	10	"True"	"wdadn"	1.1	61	0	38	38	9	15	0	0	1	0	0	0	16	14	22	2	2	NA	1	1	0.181818181818182
"Plecoptera"	4	10	"True"	"dadn"	1.8	61	0	38	38	9	15	0	0	1	0	0	0	16	14	22	2	2	NA	1	1	0.181818181818182
"Plecoptera"	5	27	"True"	"wdadn"	1.1	61	0	38	38	9	15	0	0	1	0	0	0	16	14	22	2	2	NA	1	1	0.181818181818182
"Plecoptera"	6	27	"True"	"dadn"	1.8	61	0	38	38	9	15	0	0	1	0	0	0	16	14	22	2	2	NA	1	1	0.181818181818182
"Plecoptera"	7	28	"True"	"wdadn"	1.1	61	0	38	38	9	15	0	0	1	0	0	0	16	14	22	2	2	NA	1	1	0.181818181818182
"Plecoptera"	8	28	"True"	"dadn"	1.8	61	0	38	38	9	15	0	0	1	0	0	0	16	14	22	2	2	NA	1	1	0.181818181818182
"Plecoptera"	9	9	"False"	"wdadn"	3	61	0	38	38	9	15	0	0	1	0	0	0	16	14	22	2	2	NA	1	1	0.181818181818182
"Plecoptera"	10	10	"False"	"wdadn"	3	61	0	38	38	9	15	0	0	1	0	0	0	16	14	22	2	2	NA	1	1	0.181818181818182
"Plecoptera"	11	27	"False"	"wdadn"	3	61	0	38	38	9	15	0	0	1	0	0	0	16	14	22	2	2	NA	1	1	0.181818181818182
"Plecoptera"	12	28	"False"	"wdadn"	3	61	0	38	38	9	15	0	0	1	0	0	0	16	14	22	2	2	NA	1	1	0.181818181818182
"Plecoptera"	13	3	"True"	"wdadn"	1.1	61	0	38	38	9	15	0	0	1	0	0	0	16	14	22	2	2	NA	1	1	0.181818181818182
"Plecoptera"	14	3	"True"	"dadn"	1.8	61	0	38	38	9	15	0	0	1	0	0	0	16	14	22	2	2	NA	1	1	0.181818181818182
"Plecoptera"	15	4	"True"	"wdadn"	1.1	61	0	38	38	9	15	0	0	1	0	0	0	16	14	22	2	2	NA	1	1	0.181818181818182
"Plecoptera"	16	4	"True"	"dadn"	1.8	61	0	38	38	9	15	0	0	1	0	0	0	16	14	22	2	2	NA	1	1	0.181818181818182
"Plecoptera"	17	19	"True"	"wdadn"	1.1	61	0	38	38	9	15	0	0	1	0	0	0	16	14	22	2	2	NA	1	1	0.181818181818182
"Plecoptera"	18	19	"True"	"dadn"	1.8	61	0	38	38	9	15	0	0	1	0	0	0	16	14	22	2	2	NA	1	1	0.181818181818182
"Plecoptera"	19	20	"True"	"wdadn"	1.1	61	0	38	38	9	15	0	0	1	0	0	0	16	14	22	2	2	NA	1	1	0.181818181818182
"Plecoptera"	20	20	"True"	"dadn"	1.8	61	0	38	38	9	15	0	0	1	0	0	0	16	14	22	2	2	NA	1	1	0.181818181818182
"Plecoptera"	21	7	"True"	"wdadn"	1.1	61	0	38	38	9	15	0	0	1	0	0	0	16	14	22	2	2	NA	1	1	0.181818181818182
"Plecoptera"	22	7	"True"	"dadn"	1.8	61	0	38	38	9	15	0	0	1	0	0	0	16	14	22	2	2	NA	1	1	0.181818181818182
"Plecoptera"	23	8	"True"	"wdadn"	1.1	61	0	38	38	9	15	0	0	1	0	0	0	16	14	22	2	2	NA	1	1	0.181818181818182
"Plecoptera"	24	8	"True"	"dadn"	1.8	61	0	38	38	9	15	0	0	1	0	0	0	16	14	22	2	2	NA	1	1	0.181818181818182
"Plecoptera"	25	3	"False"	"wdadn"	3	61	0	38	38	9	15	0	0	1	0	0	0	16	14	22	2	2	NA	1	1	0.181818181818182
"Plecoptera"	26	4	"False"	"wdadn"	3	61	0	38	38	9	15	0	0	1	0	0	0	16	14	22	2	2	NA	1	1	0.181818181818182
"Plecoptera"	27	7	"False"	"wdadn"	3	61	0	38	38	9	15	0	0	1	0	0	0	16	14	22	2	2	NA	1	1	0.181818181818182
"Plecoptera"	28	8	"False"	"wdadn"	3	61	0	38	38	9	15	0	0	1	0	0	0	16	14	22	2	2	NA	1	1	0.181818181818182
"Plecoptera"	29	19	"False"	"wdadn"	3	61	0	38	38	9	15	0	0	1	0	0	0	16	14	22	2	2	NA	1	1	0.181818181818182
"Plecoptera"	30	20	"False"	"wdadn"	3	61	0	38	38	9	15	0	0	1	0	0	0	16	14	22	2	2	NA	1	1	0.181818181818182
"Ephemeroptera"	1	9	"True"	"wdadn"	1.1	46	0	39	39	1	1	0	0	1	0	0	0	28	12	18	3	3	NA	1	1	0.75
"Ephemeroptera"	2	9	"True"	"dadn"	1.8	46	0	39	39	1	1	0	0	1	0	0	0	28	12	18	3	3	NA	1	1	0.75
"Ephemeroptera"	3	10	"True"	"wdadn"	1.1	46	0	39	39	1	1	0	0	1	0	0	0	28	12	18	3	3	NA	1	1	0.75
"Ephemeroptera"	4	10	"True"	"dadn"	1.8	46	0	39	39	1	1	0	0	1	0	0	0	28	12	18	3	3	NA	1	1	0.75
"Ephemeroptera"	5	27	"True"	"wdadn"	1.1	46	0	39	39	1	1	0	0	1	0	0	0	28	12	18	3	3	NA	1	1	0.75
"Ephemeroptera"	6	27	"True"	"dadn"	1.8	46	0	39	39	1	1	0	0	1	0	0	0	28	12	18	3	3	NA	1	1	0.75
"Ephemeroptera"	7	28	"True"	"wdadn"	1.1	46	0	39	39	1	1	0	0	1	0	0	0	28	12	18	3	3	NA	1	1	0.75
"Ephemeroptera"	8	28	"True"	"dadn"	1.8	46	0	39	39	1	1	0	0	1	0	0	0	28	12	18	3	3	NA	1	1	0.75
"Ephemeroptera"	9	9	"False"	"wdadn"	3	46	0	39	39	1	1	0	0	1	0	0	0	28	12	18	3	3	NA	1	1	0.75
"Ephemeroptera"	10	10	"False"	"wdadn"	3	46	0	39	39	1	1	0	0	1	0	0	0	28	12	18	3	3	NA	1	1	0.75
"Ephemeroptera"	11	27	"False"	"wdadn"	3	46	0	39	39	1	1	0	0	1	0	0	0	28	12	18	3	3	NA	1	1	0.75
"Ephemeroptera"	12	28	"False"	"wdadn"	3	46	0	39	39	1	1	0	0	1	0	0	0	28	12	18	3	3	NA	1	1	0.75
"Ephemeroptera"	13	3	"True"	"wdadn"	1.1	46	0	39	39	1	1	0	0	1	0	0	0	28	12	18	3	3	NA	1	1	0.75
"Ephemeroptera"	14	3	"True"	"dadn"	1.8	46	0	39	39	1	1	0	0	1	0	0	0	28	12	18	3	3	NA	1	1	0.75
"Ephemeroptera"	15	4	"True"	"wdadn"	1.1	46	0	39	39	1	1	0	0	1	0	0	0	28	12	18	3	3	NA	1	1	0.75
"Ephemeroptera"	16	4	"True"	"dadn"	1.8	46	0	39	39	1	1	0	0	1	0	0	0	28	12	18	3	3	NA	1	1	0.75
"Ephemeroptera"	17	19	"True"	"wdadn"	1.1	46	0	39	39	1	1	0	0	1	0	0	0	28	12	18	3	3	NA	1	1	0.75
"Ephemeroptera"	18	19	"True"	"dadn"	1.8	46	0	39	39	1	1	0	0	1	0	0	0	28	12	18	3	3	NA	1	1	0.75
"Ephemeroptera"	19	20	"True"	"wdadn"	1.1	46	0	39	39	1	1	0	0	1	0	0	0	28	12	18	3	3	NA	1	1	0.75
"Ephemeroptera"	20	20	"True"	"dadn"	1.8	46	0	39	39	1	1	0	0	1	0	0	0	28	12	18	3	3	NA	1	1	0.75
"Ephemeroptera"	21	7	"True"	"wdadn"	1.1	46	0	39	39	1	1	0	0	1	0	0	0	28	12	18	3	3	NA	1	1	0.75
"Ephemeroptera"	22	7	"True"	"dadn"	1.8	46	0	39	39	1	1	0	0	1	0	0	0	28	12	18	3	3	NA	1	1	0.75
"Ephemeroptera"	23	8	"True"	"wdadn"	1.1	46	0	39	39	1	1	0	0	1	0	0	0	28	12	18	3	3	NA	1	1	0.75
"Ephemeroptera"	24	8	"True"	"dadn"	1.8	46	0	39	39	1	1	0	0	1	0	0	0	28	12	18	3	3	NA	1	1	0.75
"Ephemeroptera"	25	3	"False"	"wdadn"	3	46	0	39	39	1	1	0	0	1	0	0	0	28	12	18	3	3	NA	1	1	0.75
"Ephemeroptera"	26	4	"False"	"wdadn"	3	46	0	39	39	1	1	0	0	1	0	0	0	28	12	18	3	3	NA	1	1	0.75
"Ephemeroptera"	27	7	"False"	"wdadn"	3	46	0	39	39	1	1	0	0	1	0	0	0	28	12	18	3	3	NA	1	1	0.75
"Ephemeroptera"	28	8	"False"	"wdadn"	3	46	0	39	39	1	1	0	0	1	0	0	0	28	12	18	3	3	NA	1	1	0.75
"Ephemeroptera"	29	19	"False"	"wdadn"	3	46	0	39	39	1	1	0	0	1	0	0	0	28	12	18	3	3	NA	1	1	0.75
"Ephemeroptera"	30	20	"False"	"wdadn"	3	46	0	39	39	1	1	0	0	1	0	0	0	28	12	18	3	3	NA	1	1	0.75
"Poduromorpha"	1	9	"True"	"wdadn"	1.1	373	0	83	83	36	115	0	0	1	0	0	0	1	1	1	0	0	NA	NA	1	0
"Poduromorpha"	2	9	"True"	"dadn"	1.8	373	0	83	83	36	115	0	0	1	0	0	0	1	1	1	0	0	NA	NA	1	0
"Poduromorpha"	3	10	"True"	"wdadn"	1.1	373	0	83	83	36	115	0	0	1	0	0	0	1	1	1	0	0	NA	NA	1	0
"Poduromorpha"	4	10	"True"	"dadn"	1.8	373	0	83	83	36	115	0	0	1	0	0	0	1	1	1	0	0	NA	NA	1	0
"Poduromorpha"	5	27	"True"	"wdadn"	1.1	373	0	83	83	36	115	0	0	1	0	0	0	1	1	1	0	0	NA	NA	1	0
"Poduromorpha"	6	27	"True"	"dadn"	1.8	373	0	83	83	36	115	0	0	1	0	0	0	1	1	1	0	0	NA	NA	1	0
"Poduromorpha"	7	28	"True"	"wdadn"	1.1	373	0	83	83	36	115	0	0	1	0	0	0	1	1	1	0	0	NA	NA	1	0
"Poduromorpha"	8	28	"True"	"dadn"	1.8	373	0	83	83	36	115	0	0	1	0	0	0	1	1	1	0	0	NA	NA	1	0
"Poduromorpha"	9	9	"False"	"wdadn"	3	373	0	83	83	36	115	0	0	1	0	0	0	1	1	1	0	0	NA	NA	1	0
"Poduromorpha"	10	10	"False"	"wdadn"	3	373	0	83	83	36	115	0	0	1	0	0	0	1	1	1	0	0	NA	NA	1	0
"Poduromorpha"	11	27	"False"	"wdadn"	3	373	0	83	83	36	115	0	0	1	0	0	0	1	1	1	0	0	NA	NA	1	0
"Poduromorpha"	12	28	"False"	"wdadn"	3	373	0	83	83	36	115	0	0	1	0	0	0	1	1	1	0	0	NA	NA	1	0
"Poduromorpha"	13	3	"True"	"wdadn"	1.1	373	0	83	83	36	115	0	0	1	0	0	0	1	1	1	0	0	NA	NA	1	0
"Poduromorpha"	14	3	"True"	"dadn"	1.8	373	0	83	83	36	115	0	0	1	0	0	0	1	1	1	0	0	NA	NA	1	0
"Poduromorpha"	15	4	"True"	"wdadn"	1.1	373	0	83	83	36	115	0	0	1	0	0	0	1	1	1	0	0	NA	NA	1	0
"Poduromorpha"	16	4	"True"	"dadn"	1.8	373	0	83	83	36	115	0	0	1	0	0	0	1	1	1	0	0	NA	NA	1	0
"Poduromorpha"	17	19	"True"	"wdadn"	1.1	373	0	83	83	36	115	0	0	1	0	0	0	1	1	1	0	0	NA	NA	1	0
"Poduromorpha"	18	19	"True"	"dadn"	1.8	373	0	83	83	36	115	0	0	1	0	0	0	1	1	1	0	0	NA	NA	1	0
"Poduromorpha"	19	20	"True"	"wdadn"	1.1	373	0	83	83	36	115	0	0	1	0	0	0	1	1	1	0	0	NA	NA	1	0
"Poduromorpha"	20	20	"True"	"dadn"	1.8	373	0	83	83	36	115	0	0	1	0	0	0	1	1	1	0	0	NA	NA	1	0
"Poduromorpha"	21	7	"True"	"wdadn"	1.1	373	0	83	83	36	115	0	0	1	0	0	0	1	1	1	0	0	NA	NA	1	0
"Poduromorpha"	22	7	"True"	"dadn"	1.8	373	0	83	83	36	115	0	0	1	0	0	0	1	1	1	0	0	NA	NA	1	0
"Poduromorpha"	23	8	"True"	"wdadn"	1.1	373	0	83	83	36	115	0	0	1	0	0	0	1	1	1	0	0	NA	NA	1	0
"Poduromorpha"	24	8	"True"	"dadn"	1.8	373	0	83	83	36	115	0	0	1	0	0	0	1	1	1	0	0	NA	NA	1	0
"Poduromorpha"	25	3	"False"	"wdadn"	3	373	0	83	83	36	115	0	0	1	0	0	0	1	1	1	0	0	NA	NA	1	0
"Poduromorpha"	26	4	"False"	"wdadn"	3	373	0	83	83	36	115	0	0	1	0	0	0	1	1	1	0	0	NA	NA	1	0
"Poduromorpha"	27	7	"False"	"wdadn"	3	373	0	83	83	36	115	0	0	1	0	0	0	1	1	1	0	0	NA	NA	1	0
"Poduromorpha"	28	8	"False"	"wdadn"	3	373	0	83	83	36	115	0	0	1	0	0	0	1	1	1	0	0	NA	NA	1	0
"Poduromorpha"	29	19	"False"	"wdadn"	3	373	0	83	83	36	115	0	0	1	0	0	0	1	1	1	0	0	NA	NA	1	0
"Poduromorpha"	30	20	"False"	"wdadn"	3	373	0	83	83	36	115	0	0	1	0	0	0	1	1	1	0	0	NA	NA	1	0
"Megaloptera"	1	9	"True"	"wdadn"	1.1	3	0	1	1	1	1	0	0	1	0	0	0	0	0	0	0	0	NA	NA	1	0
"Megaloptera"	2	9	"True"	"dadn"	1.8	3	0	1	1	1	1	0	0	1	0	0	0	0	0	0	0	0	NA	NA	1	0
"Megaloptera"	3	10	"True"	"wdadn"	1.1	3	0	1	1	1	1	0	0	1	0	0	0	0	0	0	0	0	NA	NA	1	0
"Megaloptera"	4	10	"True"	"dadn"	1.8	3	0	1	1	1	1	0	0	1	0	0	0	0	0	0	0	0	NA	NA	1	0
"Megaloptera"	5	27	"True"	"wdadn"	1.1	3	0	1	1	1	1	0	0	1	0	0	0	0	0	0	0	0	NA	NA	1	0
"Megaloptera"	6	27	"True"	"dadn"	1.8	3	0	1	1	1	1	0	0	1	0	0	0	0	0	0	0	0	NA	NA	1	0
"Megaloptera"	7	28	"True"	"wdadn"	1.1	3	0	1	1	1	1	0	0	1	0	0	0	0	0	0	0	0	NA	NA	1	0
"Megaloptera"	8	28	"True"	"dadn"	1.8	3	0	1	1	1	1	0	0	1	0	0	0	0	0	0	0	0	NA	NA	1	0
"Megaloptera"	9	9	"False"	"wdadn"	3	3	0	1	1	1	1	0	0	1	0	0	0	0	0	0	0	0	NA	NA	1	0
"Megaloptera"	10	10	"False"	"wdadn"	3	3	0	1	1	1	1	0	0	1	0	0	0	0	0	0	0	0	NA	NA	1	0
"Megaloptera"	11	27	"False"	"wdadn"	3	3	0	1	1	1	1	0	0	1	0	0	0	0	0	0	0	0	NA	NA	1	0
"Megaloptera"	12	28	"False"	"wdadn"	3	3	0	1	1	1	1	0	0	1	0	0	0	0	0	0	0	0	NA	NA	1	0
"Megaloptera"	13	3	"True"	"wdadn"	1.1	3	0	1	1	1	1	0	0	1	0	0	0	0	0	0	0	0	NA	NA	1	0
"Megaloptera"	14	3	"True"	"dadn"	1.8	3	0	1	1	1	1	0	0	1	0	0	0	0	0	0	0	0	NA	NA	1	0
"Megaloptera"	15	4	"True"	"wdadn"	1.1	3	0	1	1	1	1	0	0	1	0	0	0	0	0	0	0	0	NA	NA	1	0
"Megaloptera"	16	4	"True"	"dadn"	1.8	3	0	1	1	1	1	0	0	1	0	0	0	0	0	0	0	0	NA	NA	1	0
"Megaloptera"	17	19	"True"	"wdadn"	1.1	3	0	1	1	1	1	0	0	1	0	0	0	0	0	0	0	0	NA	NA	1	0
"Megaloptera"	18	19	"True"	"dadn"	1.8	3	0	1	1	1	1	0	0	1	0	0	0	0	0	0	0	0	NA	NA	1	0
"Megaloptera"	19	20	"True"	"wdadn"	1.1	3	0	1	1	1	1	0	0	1	0	0	0	0	0	0	0	0	NA	NA	1	0
"Megaloptera"	20	20	"True"	"dadn"	1.8	3	0	1	1	1	1	0	0	1	0	0	0	0	0	0	0	0	NA	NA	1	0
"Megaloptera"	21	7	"True"	"wdadn"	1.1	3	0	1	1	1	1	0	0	1	0	0	0	0	0	0	0	0	NA	NA	1	0
"Megaloptera"	22	7	"True"	"dadn"	1.8	3	0	1	1	1	1	0	0	1	0	0	0	0	0	0	0	0	NA	NA	1	0
"Megaloptera"	23	8	"True"	"wdadn"	1.1	3	0	1	1	1	1	0	0	1	0	0	0	0	0	0	0	0	NA	NA	1	0
"Megaloptera"	24	8	"True"	"dadn"	1.8	3	0	1	1	1	1	0	0	1	0	0	0	0	0	0	0	0	NA	NA	1	0
"Megaloptera"	25	3	"False"	"wdadn"	3	3	0	1	1	1	1	0	0	1	0	0	0	0	0	0	0	0	NA	NA	1	0
"Megaloptera"	26	4	"False"	"wdadn"	3	3	0	1	1	1	1	0	0	1	0	0	0	0	0	0	0	0	NA	NA	1	0
"Megaloptera"	27	7	"False"	"wdadn"	3	3	0	1	1	1	1	0	0	1	0	0	0	0	0	0	0	0	NA	NA	1	0
"Megaloptera"	28	8	"False"	"wdadn"	3	3	0	1	1	1	1	0	0	1	0	0	0	0	0	0	0	0	NA	NA	1	0
"Megaloptera"	29	19	"False"	"wdadn"	3	3	0	1	1	1	1	0	0	1	0	0	0	0	0	0	0	0	NA	NA	1	0
"Megaloptera"	30	20	"False"	"wdadn"	3	3	0	1	1	1	1	0	0	1	0	0	0	0	0	0	0	0	NA	NA	1	0
"Neuroptera"	1	9	"True"	"wdadn"	1.1	99	0	58	58	1	1	0	0	1	0	0	0	7	2	4	2	2	NA	1	1	0.666666666666667
"Neuroptera"	2	9	"True"	"dadn"	1.8	99	0	58	58	1	1	0	0	1	0	0	0	7	2	4	2	2	NA	1	1	0.666666666666667
"Neuroptera"	3	10	"True"	"wdadn"	1.1	99	0	58	58	1	1	0	0	1	0	0	0	7	2	4	2	2	NA	1	1	0.666666666666667
"Neuroptera"	4	10	"True"	"dadn"	1.8	99	0	58	58	1	1	0	0	1	0	0	0	7	2	4	2	2	NA	1	1	0.666666666666667
"Neuroptera"	5	27	"True"	"wdadn"	1.1	99	0	58	58	1	1	0	0	1	0	0	0	7	2	4	2	2	NA	1	1	0.666666666666667
"Neuroptera"	6	27	"True"	"dadn"	1.8	99	0	58	58	1	1	0	0	1	0	0	0	7	2	4	2	2	NA	1	1	0.666666666666667
"Neuroptera"	7	28	"True"	"wdadn"	1.1	99	0	58	58	1	1	0	0	1	0	0	0	7	2	4	2	2	NA	1	1	0.666666666666667
"Neuroptera"	8	28	"True"	"dadn"	1.8	99	0	58	58	1	1	0	0	1	0	0	0	7	2	4	2	2	NA	1	1	0.666666666666667
"Neuroptera"	9	9	"False"	"wdadn"	3	99	0	58	58	1	1	0	0	1	0	0	0	7	2	4	2	2	NA	1	1	0.666666666666667
"Neuroptera"	10	10	"False"	"wdadn"	3	99	0	58	58	1	1	0	0	1	0	0	0	7	2	4	2	2	NA	1	1	0.666666666666667
"Neuroptera"	11	27	"False"	"wdadn"	3	99	0	58	58	1	1	0	0	1	0	0	0	7	2	4	2	2	NA	1	1	0.666666666666667
"Neuroptera"	12	28	"False"	"wdadn"	3	99	0	58	58	1	1	0	0	1	0	0	0	7	2	4	2	2	NA	1	1	0.666666666666667
"Neuroptera"	13	3	"True"	"wdadn"	1.1	99	0	58	58	1	1	0	0	1	0	0	0	7	2	4	2	2	NA	1	1	0.666666666666667
"Neuroptera"	14	3	"True"	"dadn"	1.8	99	0	58	58	1	1	0	0	1	0	0	0	7	2	4	2	2	NA	1	1	0.666666666666667
"Neuroptera"	15	4	"True"	"wdadn"	1.1	99	0	58	58	1	1	0	0	1	0	0	0	7	2	4	2	2	NA	1	1	0.666666666666667
"Neuroptera"	16	4	"True"	"dadn"	1.8	99	0	58	58	1	1	0	0	1	0	0	0	7	2	4	2	2	NA	1	1	0.666666666666667
"Neuroptera"	17	19	"True"	"wdadn"	1.1	99	0	58	58	1	1	0	0	1	0	0	0	7	2	4	2	2	NA	1	1	0.666666666666667
"Neuroptera"	18	19	"True"	"dadn"	1.8	99	0	58	58	1	1	0	0	1	0	0	0	7	2	4	2	2	NA	1	1	0.666666666666667
"Neuroptera"	19	20	"True"	"wdadn"	1.1	99	0	58	58	1	1	0	0	1	0	0	0	7	2	4	2	2	NA	1	1	0.666666666666667
"Neuroptera"	20	20	"True"	"dadn"	1.8	99	0	58	58	1	1	0	0	1	0	0	0	7	2	4	2	2	NA	1	1	0.666666666666667
"Neuroptera"	21	7	"True"	"wdadn"	1.1	99	0	58	58	1	1	0	0	1	0	0	0	7	2	4	2	2	NA	1	1	0.666666666666667
"Neuroptera"	22	7	"True"	"dadn"	1.8	99	0	58	58	1	1	0	0	1	0	0	0	7	2	4	2	2	NA	1	1	0.666666666666667
"Neuroptera"	23	8	"True"	"wdadn"	1.1	99	0	58	58	1	1	0	0	1	0	0	0	7	2	4	2	2	NA	1	1	0.666666666666667
"Neuroptera"	24	8	"True"	"dadn"	1.8	99	0	58	58	1	1	0	0	1	0	0	0	7	2	4	2	2	NA	1	1	0.666666666666667
"Neuroptera"	25	3	"False"	"wdadn"	3	99	0	58	58	1	1	0	0	1	0	0	0	7	2	4	2	2	NA	1	1	0.666666666666667
"Neuroptera"	26	4	"False"	"wdadn"	3	99	0	58	58	1	1	0	0	1	0	0	0	7	2	4	2	2	NA	1	1	0.666666666666667
"Neuroptera"	27	7	"False"	"wdadn"	3	99	0	58	58	1	1	0	0	1	0	0	0	7	2	4	2	2	NA	1	1	0.666666666666667
"Neuroptera"	28	8	"False"	"wdadn"	3	99	0	58	58	1	1	0	0	1	0	0	0	7	2	4	2	2	NA	1	1	0.666666666666667
"Neuroptera"	29	19	"False"	"wdadn"	3	99	0	58	58	1	1	0	0	1	0	0	0	7	2	4	2	2	NA	1	1	0.666666666666667
"Neuroptera"	30	20	"False"	"wdadn"	3	99	0	58	58	1	1	0	0	1	0	0	0	7	2	4	2	2	NA	1	1	0.666666666666667
"Siphonaptera"	1	9	"True"	"wdadn"	1.1	6	0	3	3	0	0	0	0	1	NA	0	0	3	1	1	0	0	NA	NA	1	NA
"Siphonaptera"	2	9	"True"	"dadn"	1.8	6	0	3	3	0	0	0	0	1	NA	0	0	3	1	1	0	0	NA	NA	1	NA
"Siphonaptera"	3	10	"True"	"wdadn"	1.1	6	0	3	3	0	0	0	0	1	NA	0	0	3	1	1	0	0	NA	NA	1	NA
"Siphonaptera"	4	10	"True"	"dadn"	1.8	6	0	3	3	0	0	0	0	1	NA	0	0	3	1	1	0	0	NA	NA	1	NA
"Siphonaptera"	5	27	"True"	"wdadn"	1.1	6	0	3	3	0	0	0	0	1	NA	0	0	3	1	1	0	0	NA	NA	1	NA
"Siphonaptera"	6	27	"True"	"dadn"	1.8	6	0	3	3	0	0	0	0	1	NA	0	0	3	1	1	0	0	NA	NA	1	NA
"Siphonaptera"	7	28	"True"	"wdadn"	1.1	6	0	3	3	0	0	0	0	1	NA	0	0	3	1	1	0	0	NA	NA	1	NA
"Siphonaptera"	8	28	"True"	"dadn"	1.8	6	0	3	3	0	0	0	0	1	NA	0	0	3	1	1	0	0	NA	NA	1	NA
"Siphonaptera"	9	9	"False"	"wdadn"	3	6	0	3	3	0	0	0	0	1	NA	0	0	3	1	1	0	0	NA	NA	1	NA
"Siphonaptera"	10	10	"False"	"wdadn"	3	6	0	3	3	0	0	0	0	1	NA	0	0	3	1	1	0	0	NA	NA	1	NA
"Siphonaptera"	11	27	"False"	"wdadn"	3	6	0	3	3	0	0	0	0	1	NA	0	0	3	1	1	0	0	NA	NA	1	NA
"Siphonaptera"	12	28	"False"	"wdadn"	3	6	0	3	3	0	0	0	0	1	NA	0	0	3	1	1	0	0	NA	NA	1	NA
"Siphonaptera"	13	3	"True"	"wdadn"	1.1	6	0	3	3	0	0	0	0	1	NA	0	0	3	1	1	0	0	NA	NA	1	NA
"Siphonaptera"	14	3	"True"	"dadn"	1.8	6	0	3	3	0	0	0	0	1	NA	0	0	3	1	1	0	0	NA	NA	1	NA
"Siphonaptera"	15	4	"True"	"wdadn"	1.1	6	0	3	3	0	0	0	0	1	NA	0	0	3	1	1	0	0	NA	NA	1	NA
"Siphonaptera"	16	4	"True"	"dadn"	1.8	6	0	3	3	0	0	0	0	1	NA	0	0	3	1	1	0	0	NA	NA	1	NA
"Siphonaptera"	17	19	"True"	"wdadn"	1.1	6	0	3	3	0	0	0	0	1	NA	0	0	3	1	1	0	0	NA	NA	1	NA
"Siphonaptera"	18	19	"True"	"dadn"	1.8	6	0	3	3	0	0	0	0	1	NA	0	0	3	1	1	0	0	NA	NA	1	NA
"Siphonaptera"	19	20	"True"	"wdadn"	1.1	6	0	3	3	0	0	0	0	1	NA	0	0	3	1	1	0	0	NA	NA	1	NA
"Siphonaptera"	20	20	"True"	"dadn"	1.8	6	0	3	3	0	0	0	0	1	NA	0	0	3	1	1	0	0	NA	NA	1	NA
"Siphonaptera"	21	7	"True"	"wdadn"	1.1	6	0	3	3	0	0	0	0	1	NA	0	0	3	1	1	0	0	NA	NA	1	NA
"Siphonaptera"	22	7	"True"	"dadn"	1.8	6	0	3	3	0	0	0	0	1	NA	0	0	3	1	1	0	0	NA	NA	1	NA
"Siphonaptera"	23	8	"True"	"wdadn"	1.1	6	0	3	3	0	0	0	0	1	NA	0	0	3	1	1	0	0	NA	NA	1	NA
"Siphonaptera"	24	8	"True"	"dadn"	1.8	6	0	3	3	0	0	0	0	1	NA	0	0	3	1	1	0	0	NA	NA	1	NA
"Siphonaptera"	25	3	"False"	"wdadn"	3	6	0	3	3	0	0	0	0	1	NA	0	0	3	1	1	0	0	NA	NA	1	NA
"Siphonaptera"	26	4	"False"	"wdadn"	3	6	0	3	3	0	0	0	0	1	NA	0	0	3	1	1	0	0	NA	NA	1	NA
"Siphonaptera"	27	7	"False"	"wdadn"	3	6	0	3	3	0	0	0	0	1	NA	0	0	3	1	1	0	0	NA	NA	1	NA
"Siphonaptera"	28	8	"False"	"wdadn"	3	6	0	3	3	0	0	0	0	1	NA	0	0	3	1	1	0	0	NA	NA	1	NA
"Siphonaptera"	29	19	"False"	"wdadn"	3	6	0	3	3	0	0	0	0	1	NA	0	0	3	1	1	0	0	NA	NA	1	NA
"Siphonaptera"	30	20	"False"	"wdadn"	3	6	0	3	3	0	0	0	0	1	NA	0	0	3	1	1	0	0	NA	NA	1	NA
"Blattodea"	1	9	"True"	"wdadn"	1.1	36	0	5	5	2	18	0	0	1	0	0	0	0	0	0	0	0	NA	NA	1	0
"Blattodea"	2	9	"True"	"dadn"	1.8	36	0	5	5	2	18	0	0	1	0	0	0	0	0	0	0	0	NA	NA	1	0
"Blattodea"	3	10	"True"	"wdadn"	1.1	36	0	5	5	2	18	0	0	1	0	0	0	0	0	0	0	0	NA	NA	1	0
"Blattodea"	4	10	"True"	"dadn"	1.8	36	0	5	5	2	18	0	0	1	0	0	0	0	0	0	0	0	NA	NA	1	0
"Blattodea"	5	27	"True"	"wdadn"	1.1	36	0	5	5	2	18	0	0	1	0	0	0	0	0	0	0	0	NA	NA	1	0
"Blattodea"	6	27	"True"	"dadn"	1.8	36	0	5	5	2	18	0	0	1	0	0	0	0	0	0	0	0	NA	NA	1	0
"Blattodea"	7	28	"True"	"wdadn"	1.1	36	0	5	5	2	18	0	0	1	0	0	0	0	0	0	0	0	NA	NA	1	0
"Blattodea"	8	28	"True"	"dadn"	1.8	36	0	5	5	2	18	0	0	1	0	0	0	0	0	0	0	0	NA	NA	1	0
"Blattodea"	9	9	"False"	"wdadn"	3	36	0	5	5	2	18	0	0	1	0	0	0	0	0	0	0	0	NA	NA	1	0
"Blattodea"	10	10	"False"	"wdadn"	3	36	0	5	5	2	18	0	0	1	0	0	0	0	0	0	0	0	NA	NA	1	0
"Blattodea"	11	27	"False"	"wdadn"	3	36	0	5	5	2	18	0	0	1	0	0	0	0	0	0	0	0	NA	NA	1	0
"Blattodea"	12	28	"False"	"wdadn"	3	36	0	5	5	2	18	0	0	1	0	0	0	0	0	0	0	0	NA	NA	1	0
"Blattodea"	13	3	"True"	"wdadn"	1.1	36	0	5	5	2	18	0	0	1	0	0	0	0	0	0	0	0	NA	NA	1	0
"Blattodea"	14	3	"True"	"dadn"	1.8	36	0	5	5	2	18	0	0	1	0	0	0	0	0	0	0	0	NA	NA	1	0
"Blattodea"	15	4	"True"	"wdadn"	1.1	36	0	5	5	2	18	0	0	1	0	0	0	0	0	0	0	0	NA	NA	1	0
"Blattodea"	16	4	"True"	"dadn"	1.8	36	0	5	5	2	18	0	0	1	0	0	0	0	0	0	0	0	NA	NA	1	0
"Blattodea"	17	19	"True"	"wdadn"	1.1	36	0	5	5	2	18	0	0	1	0	0	0	0	0	0	0	0	NA	NA	1	0
"Blattodea"	18	19	"True"	"dadn"	1.8	36	0	5	5	2	18	0	0	1	0	0	0	0	0	0	0	0	NA	NA	1	0
"Blattodea"	19	20	"True"	"wdadn"	1.1	36	0	5	5	2	18	0	0	1	0	0	0	0	0	0	0	0	NA	NA	1	0
"Blattodea"	20	20	"True"	"dadn"	1.8	36	0	5	5	2	18	0	0	1	0	0	0	0	0	0	0	0	NA	NA	1	0
"Blattodea"	21	7	"True"	"wdadn"	1.1	36	0	5	5	2	18	0	0	1	0	0	0	0	0	0	0	0	NA	NA	1	0
"Blattodea"	22	7	"True"	"dadn"	1.8	36	0	5	5	2	18	0	0	1	0	0	0	0	0	0	0	0	NA	NA	1	0
"Blattodea"	23	8	"True"	"wdadn"	1.1	36	0	5	5	2	18	0	0	1	0	0	0	0	0	0	0	0	NA	NA	1	0
"Blattodea"	24	8	"True"	"dadn"	1.8	36	0	5	5	2	18	0	0	1	0	0	0	0	0	0	0	0	NA	NA	1	0
"Blattodea"	25	3	"False"	"wdadn"	3	36	0	5	5	2	18	0	0	1	0	0	0	0	0	0	0	0	NA	NA	1	0
"Blattodea"	26	4	"False"	"wdadn"	3	36	0	5	5	2	18	0	0	1	0	0	0	0	0	0	0	0	NA	NA	1	0
"Blattodea"	27	7	"False"	"wdadn"	3	36	0	5	5	2	18	0	0	1	0	0	0	0	0	0	0	0	NA	NA	1	0
"Blattodea"	28	8	"False"	"wdadn"	3	36	0	5	5	2	18	0	0	1	0	0	0	0	0	0	0	0	NA	NA	1	0
"Blattodea"	29	19	"False"	"wdadn"	3	36	0	5	5	2	18	0	0	1	0	0	0	0	0	0	0	0	NA	NA	1	0
"Blattodea"	30	20	"False"	"wdadn"	3	36	0	5	5	2	18	0	0	1	0	0	0	0	0	0	0	0	NA	NA	1	0
"Zygentoma"	1	9	"True"	"wdadn"	1.1	6	0	1	1	1	5	0	0	1	0	0	0	3	1	6	0	0	NA	NA	1	0
"Zygentoma"	2	9	"True"	"dadn"	1.8	6	0	1	1	1	5	0	0	1	0	0	0	3	1	6	0	0	NA	NA	1	0
"Zygentoma"	3	10	"True"	"wdadn"	1.1	6	0	1	1	1	5	0	0	1	0	0	0	3	1	6	0	0	NA	NA	1	0
"Zygentoma"	4	10	"True"	"dadn"	1.8	6	0	1	1	1	5	0	0	1	0	0	0	3	1	6	0	0	NA	NA	1	0
"Zygentoma"	5	27	"True"	"wdadn"	1.1	6	0	1	1	1	5	0	0	1	0	0	0	3	1	6	0	0	NA	NA	1	0
"Zygentoma"	6	27	"True"	"dadn"	1.8	6	0	1	1	1	5	0	0	1	0	0	0	3	1	6	0	0	NA	NA	1	0
"Zygentoma"	7	28	"True"	"wdadn"	1.1	6	0	1	1	1	5	0	0	1	0	0	0	3	1	6	0	0	NA	NA	1	0
"Zygentoma"	8	28	"True"	"dadn"	1.8	6	0	1	1	1	5	0	0	1	0	0	0	3	1	6	0	0	NA	NA	1	0
"Zygentoma"	9	9	"False"	"wdadn"	3	6	0	1	1	1	5	0	0	1	0	0	0	3	1	6	0	0	NA	NA	1	0
"Zygentoma"	10	10	"False"	"wdadn"	3	6	0	1	1	1	5	0	0	1	0	0	0	3	1	6	0	0	NA	NA	1	0
"Zygentoma"	11	27	"False"	"wdadn"	3	6	0	1	1	1	5	0	0	1	0	0	0	3	1	6	0	0	NA	NA	1	0
"Zygentoma"	12	28	"False"	"wdadn"	3	6	0	1	1	1	5	0	0	1	0	0	0	3	1	6	0	0	NA	NA	1	0
"Zygentoma"	13	3	"True"	"wdadn"	1.1	6	0	1	1	1	5	0	0	1	0	0	0	3	1	6	0	0	NA	NA	1	0
"Zygentoma"	14	3	"True"	"dadn"	1.8	6	0	1	1	1	5	0	0	1	0	0	0	3	1	6	0	0	NA	NA	1	0
"Zygentoma"	15	4	"True"	"wdadn"	1.1	6	0	1	1	1	5	0	0	1	0	0	0	3	1	6	0	0	NA	NA	1	0
"Zygentoma"	16	4	"True"	"dadn"	1.8	6	0	1	1	1	5	0	0	1	0	0	0	3	1	6	0	0	NA	NA	1	0
"Zygentoma"	17	19	"True"	"wdadn"	1.1	6	0	1	1	1	5	0	0	1	0	0	0	3	1	6	0	0	NA	NA	1	0
"Zygentoma"	18	19	"True"	"dadn"	1.8	6	0	1	1	1	5	0	0	1	0	0	0	3	1	6	0	0	NA	NA	1	0
"Zygentoma"	19	20	"True"	"wdadn"	1.1	6	0	1	1	1	5	0	0	1	0	0	0	3	1	6	0	0	NA	NA	1	0
"Zygentoma"	20	20	"True"	"dadn"	1.8	6	0	1	1	1	5	0	0	1	0	0	0	3	1	6	0	0	NA	NA	1	0
"Zygentoma"	21	7	"True"	"wdadn"	1.1	6	0	1	1	1	5	0	0	1	0	0	0	3	1	6	0	0	NA	NA	1	0
"Zygentoma"	22	7	"True"	"dadn"	1.8	6	0	1	1	1	5	0	0	1	0	0	0	3	1	6	0	0	NA	NA	1	0
"Zygentoma"	23	8	"True"	"wdadn"	1.1	6	0	1	1	1	5	0	0	1	0	0	0	3	1	6	0	0	NA	NA	1	0
"Zygentoma"	24	8	"True"	"dadn"	1.8	6	0	1	1	1	5	0	0	1	0	0	0	3	1	6	0	0	NA	NA	1	0
"Zygentoma"	25	3	"False"	"wdadn"	3	6	0	1	1	1	5	0	0	1	0	0	0	3	1	6	0	0	NA	NA	1	0
"Zygentoma"	26	4	"False"	"wdadn"	3	6	0	1	1	1	5	0	0	1	0	0	0	3	1	6	0	0	NA	NA	1	0
"Zygentoma"	27	7	"False"	"wdadn"	3	6	0	1	1	1	5	0	0	1	0	0	0	3	1	6	0	0	NA	NA	1	0
"Zygentoma"	28	8	"False"	"wdadn"	3	6	0	1	1	1	5	0	0	1	0	0	0	3	1	6	0	0	NA	NA	1	0
"Zygentoma"	29	19	"False"	"wdadn"	3	6	0	1	1	1	5	0	0	1	0	0	0	3	1	6	0	0	NA	NA	1	0
"Zygentoma"	30	20	"False"	"wdadn"	3	6	0	1	1	1	5	0	0	1	0	0	0	3	1	6	0	0	NA	NA	1	0
"Orthoptera"	1	9	"True"	"wdadn"	1.1	1019	0	26	26	11	45	0	0	1	0	0	0	39	20	817	757	757	NA	1	1	0.985677083333333
"Orthoptera"	2	9	"True"	"dadn"	1.8	1019	0	26	26	11	45	0	0	1	0	0	0	39	20	817	757	757	NA	1	1	0.985677083333333
"Orthoptera"	3	10	"True"	"wdadn"	1.1	1019	0	26	26	11	45	0	0	1	0	0	0	39	20	817	757	757	NA	1	1	0.985677083333333
"Orthoptera"	4	10	"True"	"dadn"	1.8	1019	0	26	26	11	45	0	0	1	0	0	0	39	20	817	757	757	NA	1	1	0.985677083333333
"Orthoptera"	5	27	"True"	"wdadn"	1.1	1019	0	26	26	11	45	0	0	1	0	0	0	39	20	817	757	757	NA	1	1	0.985677083333333
"Orthoptera"	6	27	"True"	"dadn"	1.8	1019	0	26	26	11	45	0	0	1	0	0	0	39	20	817	757	757	NA	1	1	0.985677083333333
"Orthoptera"	7	28	"True"	"wdadn"	1.1	1019	0	26	26	11	45	0	0	1	0	0	0	39	20	817	757	757	NA	1	1	0.985677083333333
"Orthoptera"	8	28	"True"	"dadn"	1.8	1019	0	26	26	11	45	0	0	1	0	0	0	39	20	817	757	757	NA	1	1	0.985677083333333
"Orthoptera"	9	9	"False"	"wdadn"	3	1019	0	26	26	11	45	0	0	1	0	0	0	39	20	817	757	757	NA	1	1	0.985677083333333
"Orthoptera"	10	10	"False"	"wdadn"	3	1019	0	26	26	11	45	0	0	1	0	0	0	39	20	817	757	757	NA	1	1	0.985677083333333
"Orthoptera"	11	27	"False"	"wdadn"	3	1019	0	26	26	11	45	0	0	1	0	0	0	39	20	817	757	757	NA	1	1	0.985677083333333
"Orthoptera"	12	28	"False"	"wdadn"	3	1019	0	26	26	11	45	0	0	1	0	0	0	39	20	817	757	757	NA	1	1	0.985677083333333
"Orthoptera"	13	3	"True"	"wdadn"	1.1	1019	0	26	26	11	45	0	0	1	0	0	0	39	20	817	757	757	NA	1	1	0.985677083333333
"Orthoptera"	14	3	"True"	"dadn"	1.8	1019	0	26	26	11	45	0	0	1	0	0	0	39	20	817	757	757	NA	1	1	0.985677083333333
"Orthoptera"	15	4	"True"	"wdadn"	1.1	1019	0	26	26	11	45	0	0	1	0	0	0	39	20	817	757	757	NA	1	1	0.985677083333333
"Orthoptera"	16	4	"True"	"dadn"	1.8	1019	0	26	26	11	45	0	0	1	0	0	0	39	20	817	757	757	NA	1	1	0.985677083333333
"Orthoptera"	17	19	"True"	"wdadn"	1.1	1019	0	26	26	11	45	0	0	1	0	0	0	39	20	817	757	757	NA	1	1	0.985677083333333
"Orthoptera"	18	19	"True"	"dadn"	1.8	1019	0	26	26	11	45	0	0	1	0	0	0	39	20	817	757	757	NA	1	1	0.985677083333333
"Orthoptera"	19	20	"True"	"wdadn"	1.1	1019	0	26	26	11	45	0	0	1	0	0	0	39	20	817	757	757	NA	1	1	0.985677083333333
"Orthoptera"	20	20	"True"	"dadn"	1.8	1019	0	26	26	11	45	0	0	1	0	0	0	39	20	817	757	757	NA	1	1	0.985677083333333
"Orthoptera"	21	7	"True"	"wdadn"	1.1	1019	0	26	26	11	45	0	0	1	0	0	0	39	20	817	757	757	NA	1	1	0.985677083333333
"Orthoptera"	22	7	"True"	"dadn"	1.8	1019	0	26	26	11	45	0	0	1	0	0	0	39	20	817	757	757	NA	1	1	0.985677083333333
"Orthoptera"	23	8	"True"	"wdadn"	1.1	1019	0	26	26	11	45	0	0	1	0	0	0	39	20	817	757	757	NA	1	1	0.985677083333333
"Orthoptera"	24	8	"True"	"dadn"	1.8	1019	0	26	26	11	45	0	0	1	0	0	0	39	20	817	757	757	NA	1	1	0.985677083333333
"Orthoptera"	25	3	"False"	"wdadn"	3	1019	0	26	26	11	45	0	0	1	0	0	0	39	20	817	757	757	NA	1	1	0.985677083333333
"Orthoptera"	26	4	"False"	"wdadn"	3	1019	0	26	26	11	45	0	0	1	0	0	0	39	20	817	757	757	NA	1	1	0.985677083333333
"Orthoptera"	27	7	"False"	"wdadn"	3	1019	0	26	26	11	45	0	0	1	0	0	0	39	20	817	757	757	NA	1	1	0.985677083333333
"Orthoptera"	28	8	"False"	"wdadn"	3	1019	0	26	26	11	45	0	0	1	0	0	0	39	20	817	757	757	NA	1	1	0.985677083333333
"Orthoptera"	29	19	"False"	"wdadn"	3	1019	0	26	26	11	45	0	0	1	0	0	0	39	20	817	757	757	NA	1	1	0.985677083333333
"Orthoptera"	30	20	"False"	"wdadn"	3	1019	0	26	26	11	45	0	0	1	0	0	0	39	20	817	757	757	NA	1	1	0.985677083333333
"Dermaptera"	1	9	"True"	"wdadn"	1.1	9	0	5	5	0	0	0	0	1	NA	0	0	4	3	6	1	1	NA	1	1	NA
"Dermaptera"	2	9	"True"	"dadn"	1.8	9	0	5	5	0	0	0	0	1	NA	0	0	4	3	6	1	1	NA	1	1	NA
"Dermaptera"	3	10	"True"	"wdadn"	1.1	9	0	5	5	0	0	0	0	1	NA	0	0	4	3	6	1	1	NA	1	1	NA
"Dermaptera"	4	10	"True"	"dadn"	1.8	9	0	5	5	0	0	0	0	1	NA	0	0	4	3	6	1	1	NA	1	1	NA
"Dermaptera"	5	27	"True"	"wdadn"	1.1	9	0	5	5	0	0	0	0	1	NA	0	0	4	3	6	1	1	NA	1	1	NA
"Dermaptera"	6	27	"True"	"dadn"	1.8	9	0	5	5	0	0	0	0	1	NA	0	0	4	3	6	1	1	NA	1	1	NA
"Dermaptera"	7	28	"True"	"wdadn"	1.1	9	0	5	5	0	0	0	0	1	NA	0	0	4	3	6	1	1	NA	1	1	NA
"Dermaptera"	8	28	"True"	"dadn"	1.8	9	0	5	5	0	0	0	0	1	NA	0	0	4	3	6	1	1	NA	1	1	NA
"Dermaptera"	9	9	"False"	"wdadn"	3	9	0	5	5	0	0	0	0	1	NA	0	0	4	3	6	1	1	NA	1	1	NA
"Dermaptera"	10	10	"False"	"wdadn"	3	9	0	5	5	0	0	0	0	1	NA	0	0	4	3	6	1	1	NA	1	1	NA
"Dermaptera"	11	27	"False"	"wdadn"	3	9	0	5	5	0	0	0	0	1	NA	0	0	4	3	6	1	1	NA	1	1	NA
"Dermaptera"	12	28	"False"	"wdadn"	3	9	0	5	5	0	0	0	0	1	NA	0	0	4	3	6	1	1	NA	1	1	NA
"Dermaptera"	13	3	"True"	"wdadn"	1.1	9	0	5	5	0	0	0	0	1	NA	0	0	4	3	6	1	1	NA	1	1	NA
"Dermaptera"	14	3	"True"	"dadn"	1.8	9	0	5	5	0	0	0	0	1	NA	0	0	4	3	6	1	1	NA	1	1	NA
"Dermaptera"	15	4	"True"	"wdadn"	1.1	9	0	5	5	0	0	0	0	1	NA	0	0	4	3	6	1	1	NA	1	1	NA
"Dermaptera"	16	4	"True"	"dadn"	1.8	9	0	5	5	0	0	0	0	1	NA	0	0	4	3	6	1	1	NA	1	1	NA
"Dermaptera"	17	19	"True"	"wdadn"	1.1	9	0	5	5	0	0	0	0	1	NA	0	0	4	3	6	1	1	NA	1	1	NA
"Dermaptera"	18	19	"True"	"dadn"	1.8	9	0	5	5	0	0	0	0	1	NA	0	0	4	3	6	1	1	NA	1	1	NA
"Dermaptera"	19	20	"True"	"wdadn"	1.1	9	0	5	5	0	0	0	0	1	NA	0	0	4	3	6	1	1	NA	1	1	NA
"Dermaptera"	20	20	"True"	"dadn"	1.8	9	0	5	5	0	0	0	0	1	NA	0	0	4	3	6	1	1	NA	1	1	NA
"Dermaptera"	21	7	"True"	"wdadn"	1.1	9	0	5	5	0	0	0	0	1	NA	0	0	4	3	6	1	1	NA	1	1	NA
"Dermaptera"	22	7	"True"	"dadn"	1.8	9	0	5	5	0	0	0	0	1	NA	0	0	4	3	6	1	1	NA	1	1	NA
"Dermaptera"	23	8	"True"	"wdadn"	1.1	9	0	5	5	0	0	0	0	1	NA	0	0	4	3	6	1	1	NA	1	1	NA
"Dermaptera"	24	8	"True"	"dadn"	1.8	9	0	5	5	0	0	0	0	1	NA	0	0	4	3	6	1	1	NA	1	1	NA
"Dermaptera"	25	3	"False"	"wdadn"	3	9	0	5	5	0	0	0	0	1	NA	0	0	4	3	6	1	1	NA	1	1	NA
"Dermaptera"	26	4	"False"	"wdadn"	3	9	0	5	5	0	0	0	0	1	NA	0	0	4	3	6	1	1	NA	1	1	NA
"Dermaptera"	27	7	"False"	"wdadn"	3	9	0	5	5	0	0	0	0	1	NA	0	0	4	3	6	1	1	NA	1	1	NA
"Dermaptera"	28	8	"False"	"wdadn"	3	9	0	5	5	0	0	0	0	1	NA	0	0	4	3	6	1	1	NA	1	1	NA
"Dermaptera"	29	19	"False"	"wdadn"	3	9	0	5	5	0	0	0	0	1	NA	0	0	4	3	6	1	1	NA	1	1	NA
"Dermaptera"	30	20	"False"	"wdadn"	3	9	0	5	5	0	0	0	0	1	NA	0	0	4	3	6	1	1	NA	1	1	NA
"Psocoptera"	1	9	"True"	"wdadn"	1.1	32	0	0	0	0	0	0	0	NA	NA	0	0	0	0	0	0	0	NA	NA	NA	NA
"Psocoptera"	2	9	"True"	"dadn"	1.8	32	0	0	0	0	0	0	0	NA	NA	0	0	0	0	0	0	0	NA	NA	NA	NA
"Psocoptera"	3	10	"True"	"wdadn"	1.1	32	0	0	0	0	0	0	0	NA	NA	0	0	0	0	0	0	0	NA	NA	NA	NA
"Psocoptera"	4	10	"True"	"dadn"	1.8	32	0	0	0	0	0	0	0	NA	NA	0	0	0	0	0	0	0	NA	NA	NA	NA
"Psocoptera"	5	27	"True"	"wdadn"	1.1	32	0	0	0	0	0	0	0	NA	NA	0	0	0	0	0	0	0	NA	NA	NA	NA
"Psocoptera"	6	27	"True"	"dadn"	1.8	32	0	0	0	0	0	0	0	NA	NA	0	0	0	0	0	0	0	NA	NA	NA	NA
"Psocoptera"	7	28	"True"	"wdadn"	1.1	32	0	0	0	0	0	0	0	NA	NA	0	0	0	0	0	0	0	NA	NA	NA	NA
"Psocoptera"	8	28	"True"	"dadn"	1.8	32	0	0	0	0	0	0	0	NA	NA	0	0	0	0	0	0	0	NA	NA	NA	NA
"Psocoptera"	9	9	"False"	"wdadn"	3	32	0	0	0	0	0	0	0	NA	NA	0	0	0	0	0	0	0	NA	NA	NA	NA
"Psocoptera"	10	10	"False"	"wdadn"	3	32	0	0	0	0	0	0	0	NA	NA	0	0	0	0	0	0	0	NA	NA	NA	NA
"Psocoptera"	11	27	"False"	"wdadn"	3	32	0	0	0	0	0	0	0	NA	NA	0	0	0	0	0	0	0	NA	NA	NA	NA
"Psocoptera"	12	28	"False"	"wdadn"	3	32	0	0	0	0	0	0	0	NA	NA	0	0	0	0	0	0	0	NA	NA	NA	NA
"Psocoptera"	13	3	"True"	"wdadn"	1.1	32	0	0	0	0	0	0	0	NA	NA	0	0	0	0	0	0	0	NA	NA	NA	NA
"Psocoptera"	14	3	"True"	"dadn"	1.8	32	0	0	0	0	0	0	0	NA	NA	0	0	0	0	0	0	0	NA	NA	NA	NA
"Psocoptera"	15	4	"True"	"wdadn"	1.1	32	0	0	0	0	0	0	0	NA	NA	0	0	0	0	0	0	0	NA	NA	NA	NA
"Psocoptera"	16	4	"True"	"dadn"	1.8	32	0	0	0	0	0	0	0	NA	NA	0	0	0	0	0	0	0	NA	NA	NA	NA
"Psocoptera"	17	19	"True"	"wdadn"	1.1	32	0	0	0	0	0	0	0	NA	NA	0	0	0	0	0	0	0	NA	NA	NA	NA
"Psocoptera"	18	19	"True"	"dadn"	1.8	32	0	0	0	0	0	0	0	NA	NA	0	0	0	0	0	0	0	NA	NA	NA	NA
"Psocoptera"	19	20	"True"	"wdadn"	1.1	32	0	0	0	0	0	0	0	NA	NA	0	0	0	0	0	0	0	NA	NA	NA	NA
"Psocoptera"	20	20	"True"	"dadn"	1.8	32	0	0	0	0	0	0	0	NA	NA	0	0	0	0	0	0	0	NA	NA	NA	NA
"Psocoptera"	21	7	"True"	"wdadn"	1.1	32	0	0	0	0	0	0	0	NA	NA	0	0	0	0	0	0	0	NA	NA	NA	NA
"Psocoptera"	22	7	"True"	"dadn"	1.8	32	0	0	0	0	0	0	0	NA	NA	0	0	0	0	0	0	0	NA	NA	NA	NA
"Psocoptera"	23	8	"True"	"wdadn"	1.1	32	0	0	0	0	0	0	0	NA	NA	0	0	0	0	0	0	0	NA	NA	NA	NA
"Psocoptera"	24	8	"True"	"dadn"	1.8	32	0	0	0	0	0	0	0	NA	NA	0	0	0	0	0	0	0	NA	NA	NA	NA
"Psocoptera"	25	3	"False"	"wdadn"	3	32	0	0	0	0	0	0	0	NA	NA	0	0	0	0	0	0	0	NA	NA	NA	NA
"Psocoptera"	26	4	"False"	"wdadn"	3	32	0	0	0	0	0	0	0	NA	NA	0	0	0	0	0	0	0	NA	NA	NA	NA
"Psocoptera"	27	7	"False"	"wdadn"	3	32	0	0	0	0	0	0	0	NA	NA	0	0	0	0	0	0	0	NA	NA	NA	NA
"Psocoptera"	28	8	"False"	"wdadn"	3	32	0	0	0	0	0	0	0	NA	NA	0	0	0	0	0	0	0	NA	NA	NA	NA
"Psocoptera"	29	19	"False"	"wdadn"	3	32	0	0	0	0	0	0	0	NA	NA	0	0	0	0	0	0	0	NA	NA	NA	NA
"Psocoptera"	30	20	"False"	"wdadn"	3	32	0	0	0	0	0	0	0	NA	NA	0	0	0	0	0	0	0	NA	NA	NA	NA
"Archaeognatha"	1	9	"True"	"wdadn"	1.1	8	0	0	0	0	0	0	0	NA	NA	0	0	0	0	0	0	0	NA	NA	NA	NA
"Archaeognatha"	2	9	"True"	"dadn"	1.8	8	0	0	0	0	0	0	0	NA	NA	0	0	0	0	0	0	0	NA	NA	NA	NA
"Archaeognatha"	3	10	"True"	"wdadn"	1.1	8	0	0	0	0	0	0	0	NA	NA	0	0	0	0	0	0	0	NA	NA	NA	NA
"Archaeognatha"	4	10	"True"	"dadn"	1.8	8	0	0	0	0	0	0	0	NA	NA	0	0	0	0	0	0	0	NA	NA	NA	NA
"Archaeognatha"	5	27	"True"	"wdadn"	1.1	8	0	0	0	0	0	0	0	NA	NA	0	0	0	0	0	0	0	NA	NA	NA	NA
"Archaeognatha"	6	27	"True"	"dadn"	1.8	8	0	0	0	0	0	0	0	NA	NA	0	0	0	0	0	0	0	NA	NA	NA	NA
"Archaeognatha"	7	28	"True"	"wdadn"	1.1	8	0	0	0	0	0	0	0	NA	NA	0	0	0	0	0	0	0	NA	NA	NA	NA
"Archaeognatha"	8	28	"True"	"dadn"	1.8	8	0	0	0	0	0	0	0	NA	NA	0	0	0	0	0	0	0	NA	NA	NA	NA
"Archaeognatha"	9	9	"False"	"wdadn"	3	8	0	0	0	0	0	0	0	NA	NA	0	0	0	0	0	0	0	NA	NA	NA	NA
"Archaeognatha"	10	10	"False"	"wdadn"	3	8	0	0	0	0	0	0	0	NA	NA	0	0	0	0	0	0	0	NA	NA	NA	NA
"Archaeognatha"	11	27	"False"	"wdadn"	3	8	0	0	0	0	0	0	0	NA	NA	0	0	0	0	0	0	0	NA	NA	NA	NA
"Archaeognatha"	12	28	"False"	"wdadn"	3	8	0	0	0	0	0	0	0	NA	NA	0	0	0	0	0	0	0	NA	NA	NA	NA
"Archaeognatha"	13	3	"True"	"wdadn"	1.1	8	0	0	0	0	0	0	0	NA	NA	0	0	0	0	0	0	0	NA	NA	NA	NA
"Archaeognatha"	14	3	"True"	"dadn"	1.8	8	0	0	0	0	0	0	0	NA	NA	0	0	0	0	0	0	0	NA	NA	NA	NA
"Archaeognatha"	15	4	"True"	"wdadn"	1.1	8	0	0	0	0	0	0	0	NA	NA	0	0	0	0	0	0	0	NA	NA	NA	NA
"Archaeognatha"	16	4	"True"	"dadn"	1.8	8	0	0	0	0	0	0	0	NA	NA	0	0	0	0	0	0	0	NA	NA	NA	NA
"Archaeognatha"	17	19	"True"	"wdadn"	1.1	8	0	0	0	0	0	0	0	NA	NA	0	0	0	0	0	0	0	NA	NA	NA	NA
"Archaeognatha"	18	19	"True"	"dadn"	1.8	8	0	0	0	0	0	0	0	NA	NA	0	0	0	0	0	0	0	NA	NA	NA	NA
"Archaeognatha"	19	20	"True"	"wdadn"	1.1	8	0	0	0	0	0	0	0	NA	NA	0	0	0	0	0	0	0	NA	NA	NA	NA
"Archaeognatha"	20	20	"True"	"dadn"	1.8	8	0	0	0	0	0	0	0	NA	NA	0	0	0	0	0	0	0	NA	NA	NA	NA
"Archaeognatha"	21	7	"True"	"wdadn"	1.1	8	0	0	0	0	0	0	0	NA	NA	0	0	0	0	0	0	0	NA	NA	NA	NA
"Archaeognatha"	22	7	"True"	"dadn"	1.8	8	0	0	0	0	0	0	0	NA	NA	0	0	0	0	0	0	0	NA	NA	NA	NA
"Archaeognatha"	23	8	"True"	"wdadn"	1.1	8	0	0	0	0	0	0	0	NA	NA	0	0	0	0	0	0	0	NA	NA	NA	NA
"Archaeognatha"	24	8	"True"	"dadn"	1.8	8	0	0	0	0	0	0	0	NA	NA	0	0	0	0	0	0	0	NA	NA	NA	NA
"Archaeognatha"	25	3	"False"	"wdadn"	3	8	0	0	0	0	0	0	0	NA	NA	0	0	0	0	0	0	0	NA	NA	NA	NA
"Archaeognatha"	26	4	"False"	"wdadn"	3	8	0	0	0	0	0	0	0	NA	NA	0	0	0	0	0	0	0	NA	NA	NA	NA
"Archaeognatha"	27	7	"False"	"wdadn"	3	8	0	0	0	0	0	0	0	NA	NA	0	0	0	0	0	0	0	NA	NA	NA	NA
"Archaeognatha"	28	8	"False"	"wdadn"	3	8	0	0	0	0	0	0	0	NA	NA	0	0	0	0	0	0	0	NA	NA	NA	NA
"Archaeognatha"	29	19	"False"	"wdadn"	3	8	0	0	0	0	0	0	0	NA	NA	0	0	0	0	0	0	0	NA	NA	NA	NA
"Archaeognatha"	30	20	"False"	"wdadn"	3	8	0	0	0	0	0	0	0	NA	NA	0	0	0	0	0	0	0	NA	NA	NA	NA
"Neelipleona"	1	9	"True"	"wdadn"	1.1	19	0	9	9	6	9	0	0	1	0	0	0	2	1	15	12	12	NA	1	1	0.666666666666667
"Neelipleona"	2	9	"True"	"dadn"	1.8	19	0	9	9	6	9	0	0	1	0	0	0	2	1	15	12	12	NA	1	1	0.666666666666667
"Neelipleona"	3	10	"True"	"wdadn"	1.1	19	0	9	9	6	9	0	0	1	0	0	0	2	1	15	12	12	NA	1	1	0.666666666666667
"Neelipleona"	4	10	"True"	"dadn"	1.8	19	0	9	9	6	9	0	0	1	0	0	0	2	1	15	12	12	NA	1	1	0.666666666666667
"Neelipleona"	5	27	"True"	"wdadn"	1.1	19	0	9	9	6	9	0	0	1	0	0	0	2	1	15	12	12	NA	1	1	0.666666666666667
"Neelipleona"	6	27	"True"	"dadn"	1.8	19	0	9	9	6	9	0	0	1	0	0	0	2	1	15	12	12	NA	1	1	0.666666666666667
"Neelipleona"	7	28	"True"	"wdadn"	1.1	19	0	9	9	6	9	0	0	1	0	0	0	2	1	15	12	12	NA	1	1	0.666666666666667
"Neelipleona"	8	28	"True"	"dadn"	1.8	19	0	9	9	6	9	0	0	1	0	0	0	2	1	15	12	12	NA	1	1	0.666666666666667
"Neelipleona"	9	9	"False"	"wdadn"	3	19	0	9	9	6	9	0	0	1	0	0	0	2	1	15	12	12	NA	1	1	0.666666666666667
"Neelipleona"	10	10	"False"	"wdadn"	3	19	0	9	9	6	9	0	0	1	0	0	0	2	1	15	12	12	NA	1	1	0.666666666666667
"Neelipleona"	11	27	"False"	"wdadn"	3	19	0	9	9	6	9	0	0	1	0	0	0	2	1	15	12	12	NA	1	1	0.666666666666667
"Neelipleona"	12	28	"False"	"wdadn"	3	19	0	9	9	6	9	0	0	1	0	0	0	2	1	15	12	12	NA	1	1	0.666666666666667
"Neelipleona"	13	3	"True"	"wdadn"	1.1	19	0	9	9	6	9	0	0	1	0	0	0	2	1	15	12	12	NA	1	1	0.666666666666667
"Neelipleona"	14	3	"True"	"dadn"	1.8	19	0	9	9	6	9	0	0	1	0	0	0	2	1	15	12	12	NA	1	1	0.666666666666667
"Neelipleona"	15	4	"True"	"wdadn"	1.1	19	0	9	9	6	9	0	0	1	0	0	0	2	1	15	12	12	NA	1	1	0.666666666666667
"Neelipleona"	16	4	"True"	"dadn"	1.8	19	0	9	9	6	9	0	0	1	0	0	0	2	1	15	12	12	NA	1	1	0.666666666666667
"Neelipleona"	17	19	"True"	"wdadn"	1.1	19	0	9	9	6	9	0	0	1	0	0	0	2	1	15	12	12	NA	1	1	0.666666666666667
"Neelipleona"	18	19	"True"	"dadn"	1.8	19	0	9	9	6	9	0	0	1	0	0	0	2	1	15	12	12	NA	1	1	0.666666666666667
"Neelipleona"	19	20	"True"	"wdadn"	1.1	19	0	9	9	6	9	0	0	1	0	0	0	2	1	15	12	12	NA	1	1	0.666666666666667
"Neelipleona"	20	20	"True"	"dadn"	1.8	19	0	9	9	6	9	0	0	1	0	0	0	2	1	15	12	12	NA	1	1	0.666666666666667
"Neelipleona"	21	7	"True"	"wdadn"	1.1	19	0	9	9	6	9	0	0	1	0	0	0	2	1	15	12	12	NA	1	1	0.666666666666667
"Neelipleona"	22	7	"True"	"dadn"	1.8	19	0	9	9	6	9	0	0	1	0	0	0	2	1	15	12	12	NA	1	1	0.666666666666667
"Neelipleona"	23	8	"True"	"wdadn"	1.1	19	0	9	9	6	9	0	0	1	0	0	0	2	1	15	12	12	NA	1	1	0.666666666666667
"Neelipleona"	24	8	"True"	"dadn"	1.8	19	0	9	9	6	9	0	0	1	0	0	0	2	1	15	12	12	NA	1	1	0.666666666666667
"Neelipleona"	25	3	"False"	"wdadn"	3	19	0	9	9	6	9	0	0	1	0	0	0	2	1	15	12	12	NA	1	1	0.666666666666667
"Neelipleona"	26	4	"False"	"wdadn"	3	19	0	9	9	6	9	0	0	1	0	0	0	2	1	15	12	12	NA	1	1	0.666666666666667
"Neelipleona"	27	7	"False"	"wdadn"	3	19	0	9	9	6	9	0	0	1	0	0	0	2	1	15	12	12	NA	1	1	0.666666666666667
"Neelipleona"	28	8	"False"	"wdadn"	3	19	0	9	9	6	9	0	0	1	0	0	0	2	1	15	12	12	NA	1	1	0.666666666666667
"Neelipleona"	29	19	"False"	"wdadn"	3	19	0	9	9	6	9	0	0	1	0	0	0	2	1	15	12	12	NA	1	1	0.666666666666667
"Neelipleona"	30	20	"False"	"wdadn"	3	19	0	9	9	6	9	0	0	1	0	0	0	2	1	15	12	12	NA	1	1	0.666666666666667
"Diplura"	1	9	"True"	"wdadn"	1.1	12	0	3	3	2	9	0	0	1	0	0	0	5	2	12	1	1	NA	1	1	0.333333333333333
"Diplura"	2	9	"True"	"dadn"	1.8	12	0	3	3	2	9	0	0	1	0	0	0	5	2	12	1	1	NA	1	1	0.333333333333333
"Diplura"	3	10	"True"	"wdadn"	1.1	12	0	3	3	2	9	0	0	1	0	0	0	5	2	12	1	1	NA	1	1	0.333333333333333
"Diplura"	4	10	"True"	"dadn"	1.8	12	0	3	3	2	9	0	0	1	0	0	0	5	2	12	1	1	NA	1	1	0.333333333333333
"Diplura"	5	27	"True"	"wdadn"	1.1	12	0	3	3	2	9	0	0	1	0	0	0	5	2	12	1	1	NA	1	1	0.333333333333333
"Diplura"	6	27	"True"	"dadn"	1.8	12	0	3	3	2	9	0	0	1	0	0	0	5	2	12	1	1	NA	1	1	0.333333333333333
"Diplura"	7	28	"True"	"wdadn"	1.1	12	0	3	3	2	9	0	0	1	0	0	0	5	2	12	1	1	NA	1	1	0.333333333333333
"Diplura"	8	28	"True"	"dadn"	1.8	12	0	3	3	2	9	0	0	1	0	0	0	5	2	12	1	1	NA	1	1	0.333333333333333
"Diplura"	9	9	"False"	"wdadn"	3	12	0	3	3	2	9	0	0	1	0	0	0	5	2	12	1	1	NA	1	1	0.333333333333333
"Diplura"	10	10	"False"	"wdadn"	3	12	0	3	3	2	9	0	0	1	0	0	0	5	2	12	1	1	NA	1	1	0.333333333333333
"Diplura"	11	27	"False"	"wdadn"	3	12	0	3	3	2	9	0	0	1	0	0	0	5	2	12	1	1	NA	1	1	0.333333333333333
"Diplura"	12	28	"False"	"wdadn"	3	12	0	3	3	2	9	0	0	1	0	0	0	5	2	12	1	1	NA	1	1	0.333333333333333
"Diplura"	13	3	"True"	"wdadn"	1.1	12	0	3	3	2	9	0	0	1	0	0	0	5	2	12	1	1	NA	1	1	0.333333333333333
"Diplura"	14	3	"True"	"dadn"	1.8	12	0	3	3	2	9	0	0	1	0	0	0	5	2	12	1	1	NA	1	1	0.333333333333333
"Diplura"	15	4	"True"	"wdadn"	1.1	12	0	3	3	2	9	0	0	1	0	0	0	5	2	12	1	1	NA	1	1	0.333333333333333
"Diplura"	16	4	"True"	"dadn"	1.8	12	0	3	3	2	9	0	0	1	0	0	0	5	2	12	1	1	NA	1	1	0.333333333333333
"Diplura"	17	19	"True"	"wdadn"	1.1	12	0	3	3	2	9	0	0	1	0	0	0	5	2	12	1	1	NA	1	1	0.333333333333333
"Diplura"	18	19	"True"	"dadn"	1.8	12	0	3	3	2	9	0	0	1	0	0	0	5	2	12	1	1	NA	1	1	0.333333333333333
"Diplura"	19	20	"True"	"wdadn"	1.1	12	0	3	3	2	9	0	0	1	0	0	0	5	2	12	1	1	NA	1	1	0.333333333333333
"Diplura"	20	20	"True"	"dadn"	1.8	12	0	3	3	2	9	0	0	1	0	0	0	5	2	12	1	1	NA	1	1	0.333333333333333
"Diplura"	21	7	"True"	"wdadn"	1.1	12	0	3	3	2	9	0	0	1	0	0	0	5	2	12	1	1	NA	1	1	0.333333333333333
"Diplura"	22	7	"True"	"dadn"	1.8	12	0	3	3	2	9	0	0	1	0	0	0	5	2	12	1	1	NA	1	1	0.333333333333333
"Diplura"	23	8	"True"	"wdadn"	1.1	12	0	3	3	2	9	0	0	1	0	0	0	5	2	12	1	1	NA	1	1	0.333333333333333
"Diplura"	24	8	"True"	"dadn"	1.8	12	0	3	3	2	9	0	0	1	0	0	0	5	2	12	1	1	NA	1	1	0.333333333333333
"Diplura"	25	3	"False"	"wdadn"	3	12	0	3	3	2	9	0	0	1	0	0	0	5	2	12	1	1	NA	1	1	0.333333333333333
"Diplura"	26	4	"False"	"wdadn"	3	12	0	3	3	2	9	0	0	1	0	0	0	5	2	12	1	1	NA	1	1	0.333333333333333
"Diplura"	27	7	"False"	"wdadn"	3	12	0	3	3	2	9	0	0	1	0	0	0	5	2	12	1	1	NA	1	1	0.333333333333333
"Diplura"	28	8	"False"	"wdadn"	3	12	0	3	3	2	9	0	0	1	0	0	0	5	2	12	1	1	NA	1	1	0.333333333333333
"Diplura"	29	19	"False"	"wdadn"	3	12	0	3	3	2	9	0	0	1	0	0	0	5	2	12	1	1	NA	1	1	0.333333333333333
"Diplura"	30	20	"False"	"wdadn"	3	12	0	3	3	2	9	0	0	1	0	0	0	5	2	12	1	1	NA	1	1	0.333333333333333
"Hexapoda"	1	9	"TRUE"	"wdadn"	1.1	41511	0	18162	18162	1546	2742	0	0	1	0	0	0	2222	1007	2400	1101	1101	NA	1	NA	0.4159425765017
"Hexapoda"	2	9	"TRUE"	"dadn"	1.8	41511	0	18162	18162	1546	2742	0	0	1	0	0	0	2222	1007	2400	1101	1101	NA	1	NA	0.4159425765017
"Hexapoda"	3	10	"TRUE"	"wdadn"	1.1	41511	0	18162	18162	1546	2742	0	0	1	0	0	0	2222	1007	2400	1101	1101	NA	1	NA	0.4159425765017
"Hexapoda"	4	10	"TRUE"	"dadn"	1.8	41511	0	18162	18162	1546	2742	0	0	1	0	0	0	2222	1007	2400	1101	1101	NA	1	NA	0.4159425765017
"Hexapoda"	5	27	"TRUE"	"wdadn"	1.1	41511	0	18162	18162	1546	2742	0	0	1	0	0	0	2222	1007	2400	1101	1101	NA	1	NA	0.4159425765017
"Hexapoda"	6	27	"TRUE"	"dadn"	1.8	41511	0	18162	18162	1546	2742	0	0	1	0	0	0	2222	1007	2400	1101	1101	NA	1	NA	0.4159425765017
"Hexapoda"	7	28	"TRUE"	"wdadn"	1.1	41511	0	18162	18162	1546	2742	0	0	1	0	0	0	2222	1007	2400	1101	1101	NA	1	NA	0.4159425765017
"Hexapoda"	8	28	"TRUE"	"dadn"	1.8	41511	0	18162	18162	1546	2742	0	0	1	0	0	0	2222	1007	2400	1101	1101	NA	1	NA	0.4159425765017
"Hexapoda"	9	9	"FALSE"	"wdadn"	3	41511	0	18162	18162	1546	2742	0	0	1	0	0	0	2222	1007	2400	1101	1101	NA	1	NA	0.4159425765017
"Hexapoda"	10	10	"FALSE"	"wdadn"	3	41511	0	18162	18162	1546	2742	0	0	1	0	0	0	2222	1007	2400	1101	1101	NA	1	NA	0.4159425765017
"Hexapoda"	11	27	"FALSE"	"wdadn"	3	41511	0	18162	18162	1546	2742	0	0	1	0	0	0	2222	1007	2400	1101	1101	NA	1	NA	0.4159425765017
"Hexapoda"	12	28	"FALSE"	"wdadn"	3	41511	0	18162	18162	1546	2742	0	0	1	0	0	0	2222	1007	2400	1101	1101	NA	1	NA	0.4159425765017
"Hexapoda"	13	3	"TRUE"	"wdadn"	1.1	41511	0	18162	18162	1546	2742	0	0	1	0	0	0	2222	1007	2400	1101	1101	NA	1	NA	0.4159425765017
"Hexapoda"	14	3	"TRUE"	"dadn"	1.8	41511	0	18162	18162	1546	2742	0	0	1	0	0	0	2222	1007	2400	1101	1101	NA	1	NA	0.4159425765017
"Hexapoda"	15	4	"TRUE"	"wdadn"	1.1	41511	0	18162	18162	1546	2742	0	0	1	0	0	0	2222	1007	2400	1101	1101	NA	1	NA	0.4159425765017
"Hexapoda"	16	4	"TRUE"	"dadn"	1.8	41511	0	18162	18162	1546	2742	0	0	1	0	0	0	2222	1007	2400	1101	1101	NA	1	NA	0.4159425765017
"Hexapoda"	17	19	"TRUE"	"wdadn"	1.1	41511	0	18162	18162	1546	2742	0	0	1	0	0	0	2222	1007	2400	1101	1101	NA	1	NA	0.4159425765017
"Hexapoda"	18	19	"TRUE"	"dadn"	1.8	41511	0	18162	18162	1546	2742	0	0	1	0	0	0	2222	1007	2400	1101	1101	NA	1	NA	0.4159425765017
"Hexapoda"	19	20	"TRUE"	"wdadn"	1.1	41511	0	18162	18162	1546	2742	0	0	1	0	0	0	2222	1007	2400	1101	1101	NA	1	NA	0.4159425765017
"Hexapoda"	20	20	"TRUE"	"dadn"	1.8	41511	0	18162	18162	1546	2742	0	0	1	0	0	0	2222	1007	2400	1101	1101	NA	1	NA	0.4159425765017
"Hexapoda"	21	7	"TRUE"	"wdadn"	1.1	41511	0	18162	18162	1546	2742	0	0	1	0	0	0	2222	1007	2400	1101	1101	NA	1	NA	0.4159425765017
"Hexapoda"	22	7	"TRUE"	"dadn"	1.8	41511	0	18162	18162	1546	2742	0	0	1	0	0	0	2222	1007	2400	1101	1101	NA	1	NA	0.4159425765017
"Hexapoda"	23	8	"TRUE"	"wdadn"	1.1	41511	0	18162	18162	1546	2742	0	0	1	0	0	0	2222	1007	2400	1101	1101	NA	1	NA	0.4159425765017
"Hexapoda"	24	8	"TRUE"	"dadn"	1.8	41511	0	18162	18162	1546	2742	0	0	1	0	0	0	2222	1007	2400	1101	1101	NA	1	NA	0.4159425765017
"Hexapoda"	25	3	"FALSE"	"wdadn"	3	41511	0	18162	18162	1546	2742	0	0	1	0	0	0	2222	1007	2400	1101	1101	NA	1	NA	0.4159425765017
"Hexapoda"	26	4	"FALSE"	"wdadn"	3	41511	0	18162	18162	1546	2742	0	0	1	0	0	0	2222	1007	2400	1101	1101	NA	1	NA	0.4159425765017
"Hexapoda"	27	7	"FALSE"	"wdadn"	3	41511	0	18162	18162	1546	2742	0	0	1	0	0	0	2222	1007	2400	1101	1101	NA	1	NA	0.4159425765017
"Hexapoda"	28	8	"FALSE"	"wdadn"	3	41511	0	18162	18162	1546	2742	0	0	1	0	0	0	2222	1007	2400	1101	1101	NA	1	NA	0.4159425765017
"Hexapoda"	29	19	"FALSE"	"wdadn"	3	41511	0	18162	18162	1546	2742	0	0	1	0	0	0	2222	1007	2400	1101	1101	NA	1	NA	0.4159425765017
"Hexapoda"	30	20	"FALSE"	"wdadn"	3	41511	0	18162	18162	1546	2742	0	0	1	0	0	0	2222	1007	2400	1101	1101	NA	1	NA	0.4159425765017
