"TipLabel"	"Kingdom"	"Phylum"	"Class"	"Order"	"Family"	"Genus"	"Species"
"Campodea_fragilis"	"Animalia"	"Arthropoda"	"Diplura"	"Rhabdura"	"Campodeidae"	"Campodea"	"Campodea fragilis"
"Japyx_solifugus"	"Animalia"	"Arthropoda"	"Diplura"	"Dicellurata"	"Japygidae"	"Japyx"	"Japyx solifugus"
"Spinactaletes_boneti"	"Animalia"	"Arthropoda"	"Collembola"	"Entomobryomorpha"	"Actaletidae"	"Spinactaletes"	"Spinactaletes boneti"
"Coecobrya_sp"	"Animalia"	"Arthropoda"	"Collembola"	"Entomobryomorpha"	"Entomobryidae"	"Coecobrya"	"Coecobrya sp."
"Entomobrya_sp"	"Animalia"	"Arthropoda"	"Collembola"	"Entomobryomorpha"	"Entomobryidae"	"Entomobrya"	"Entomobrya sp."
"Homidia_koreana"	"Animalia"	"Arthropoda"	"Collembola"	"Entomobryomorpha"	"Entomobryidae"	"Homidia"	"Homidia koreana"
"Homidia_socia"	"Animalia"	"Arthropoda"	"Collembola"	"Entomobryomorpha"	"Entomobryidae"	"Homidia"	"Homidia socia"
"Lepidocyrtoides_caeruleomaculatus"	"Animalia"	"Arthropoda"	"Collembola"	"Entomobryomorpha"	"Entomobryidae"	"Lepidocyrtoides"	"Lepidocyrtoides caeruleomaculatus"
"Lepidocyrtoides_sp"	"Animalia"	"Arthropoda"	"Collembola"	"Entomobryomorpha"	"Entomobryidae"	"Lepidocyrtoides"	"Lepidocyrtoides sp."
"Lepidosira_calolepis"	"Animalia"	"Arthropoda"	"Collembola"	"Entomobryomorpha"	"Entomobryidae"	"Lepidosira"	"Lepidosira calolepis"
"Lepidosira_neotropicalis"	"Animalia"	"Arthropoda"	"Collembola"	"Entomobryomorpha"	"Entomobryidae"	"Lepidosira"	"Lepidosira neotropicalis"
"Sinella_curviseta"	"Animalia"	"Arthropoda"	"Collembola"	"Entomobryomorpha"	"Entomobryidae"	"Sinella"	"Sinella curviseta"
"Sinhomidia_bicolor"	"Animalia"	"Arthropoda"	"Collembola"	"Entomobryomorpha"	"Entomobryidae"	"Sinhomidia"	"Sinhomidia bicolor"
"Willowsia_japonica"	"Animalia"	"Arthropoda"	"Collembola"	"Entomobryomorpha"	"Entomobryidae"	"Willowsia"	"Willowsia japonica"
"Acrocyrtus_sp"	"Animalia"	"Arthropoda"	"Collembola"	"Entomobryomorpha"	"Entomobryidae"	"Acrocyrtus"	"Acrocyrtus sp."
"Ascocyrtus_cinctus"	"Animalia"	"Arthropoda"	"Collembola"	"Entomobryomorpha"	"Entomobryidae"	"Ascocyrtus"	"Ascocyrtus cinctus"
"Lepidocyrtus_fimetarius"	"Animalia"	"Arthropoda"	"Collembola"	"Entomobryomorpha"	"Entomobryidae"	"Lepidocyrtus"	"Lepidocyrtus fimetarius"
"Lepidocyrtus_nigrosetosus"	"Animalia"	"Arthropoda"	"Collembola"	"Entomobryomorpha"	"Entomobryidae"	"Lepidocyrtus"	"Lepidocyrtus nigrosetosus"
"Lepidocyrtus_sotoi"	"Animalia"	"Arthropoda"	"Collembola"	"Entomobryomorpha"	"Entomobryidae"	"Lepidocyrtus"	"Lepidocyrtus sotoi"
"Lepidocyrtus_sp"	"Animalia"	"Arthropoda"	"Collembola"	"Entomobryomorpha"	"Entomobryidae"	"Lepidocyrtus"	"Lepidocyrtus sp."
"Pseudosinella_tumula"	"Animalia"	"Arthropoda"	"Collembola"	"Entomobryomorpha"	"Entomobryidae"	"Pseudosinella"	"Pseudosinella tumula"
"Lepidocyrtinus_ca_prodiga_AM03"	"Animalia"	"Arthropoda"	"Collembola"	"Entomobryomorpha"	"Entomobryidae"	"Lepidocyrtinus"	"Lepidocyrtinus ca. prodiga AM03"
"Lepidocyrtinus_ca_prodiga_AM05"	"Animalia"	"Arthropoda"	"Collembola"	"Entomobryomorpha"	"Entomobryidae"	"Lepidocyrtinus"	"Lepidocyrtinus ca. prodiga AM05"
"Lepidocyrtinus_ca_prodiga_AM45"	"Animalia"	"Arthropoda"	"Collembola"	"Entomobryomorpha"	"Entomobryidae"	"Lepidocyrtinus"	"Lepidocyrtinus ca. prodiga AM45"
"Lepidocyrtinus_dapeste"	"Animalia"	"Arthropoda"	"Collembola"	"Entomobryomorpha"	"Entomobryidae"	"Lepidocyrtinus"	"Lepidocyrtinus dapeste"
"Lepidocyrtinus_diamantinae"	"Animalia"	"Arthropoda"	"Collembola"	"Entomobryomorpha"	"Entomobryidae"	"Lepidocyrtinus"	"Lepidocyrtinus diamantinae"
"Lepidocyrtinus_harena"	"Animalia"	"Arthropoda"	"Collembola"	"Entomobryomorpha"	"Entomobryidae"	"Lepidocyrtinus"	"Lepidocyrtinus harena"
"Lepidocyrtinus_paraibensis"	"Animalia"	"Arthropoda"	"Collembola"	"Entomobryomorpha"	"Entomobryidae"	"Lepidocyrtinus"	"Lepidocyrtinus paraibensis"
"Seira_atrolutea"	"Animalia"	"Arthropoda"	"Collembola"	"Entomobryomorpha"	"Entomobryidae"	"Seira"	"Seira atrolutea"
"Seira_brasiliana"	"Animalia"	"Arthropoda"	"Collembola"	"Entomobryomorpha"	"Entomobryidae"	"Seira"	"Seira brasiliana"
"Seira_coroatensis"	"Animalia"	"Arthropoda"	"Collembola"	"Entomobryomorpha"	"Entomobryidae"	"Seira"	"Seira coroatensis"
"Seira_dowlingi_CH"	"Animalia"	"Arthropoda"	"Collembola"	"Entomobryomorpha"	"Entomobryidae"	"Seira"	"Seira dowlingi (China pop.)"
"Seira_dowlingi"	"Animalia"	"Arthropoda"	"Collembola"	"Entomobryomorpha"	"Entomobryidae"	"Seira"	"Seira dowlingi"
"Seira_mendoncae"	"Animalia"	"Arthropoda"	"Collembola"	"Entomobryomorpha"	"Entomobryidae"	"Seira"	"Seira mendoncae"
"Seira_paulae"	"Animalia"	"Arthropoda"	"Collembola"	"Entomobryomorpha"	"Entomobryidae"	"Seira"	"Seira paulae"
"Seira_potiguara"	"Animalia"	"Arthropoda"	"Collembola"	"Entomobryomorpha"	"Entomobryidae"	"Seira"	"Seira potiguara"
"Seira_ritae_CH"	"Animalia"	"Arthropoda"	"Collembola"	"Entomobryomorpha"	"Entomobryidae"	"Seira"	"Seira ritae (sequenced in CH)"
"Seira_ritae"	"Animalia"	"Arthropoda"	"Collembola"	"Entomobryomorpha"	"Entomobryidae"	"Seira"	"Seira ritae"
"Seira_sanloemensis"	"Animalia"	"Arthropoda"	"Collembola"	"Entomobryomorpha"	"Entomobryidae"	"Seira"	"Seira sanloemensis"
"Seira_sp1"	"Animalia"	"Arthropoda"	"Collembola"	"Entomobryomorpha"	"Entomobryidae"	"Seira"	"Seira sp. 1"
"Seira_sp3"	"Animalia"	"Arthropoda"	"Collembola"	"Entomobryomorpha"	"Entomobryidae"	"Seira"	"Seira sp. 2"
"Seira_spn1"	"Animalia"	"Arthropoda"	"Collembola"	"Entomobryomorpha"	"Entomobryidae"	"Seira"	"Seira boneti"
"Seira_tinguira"	"Animalia"	"Arthropoda"	"Collembola"	"Entomobryomorpha"	"Entomobryidae"	"Seira"	"Seira tinguira"
"Tyrannoseira_bicolorcornuta_AM12"	"Animalia"	"Arthropoda"	"Collembola"	"Entomobryomorpha"	"Entomobryidae"	"Tyrannoseira"	"Tyrannoseira bicolorcornuta AM12"
"Tyrannoseira_bicolorcornuta_AM57"	"Animalia"	"Arthropoda"	"Collembola"	"Entomobryomorpha"	"Entomobryidae"	"Tyrannoseira"	"Tyrannoseira bicolorcornuta AM57"
"Tyrannoseira_gladiata"	"Animalia"	"Arthropoda"	"Collembola"	"Entomobryomorpha"	"Entomobryidae"	"Tyrannoseira"	"Tyrannoseira gladiata"
"Tyrannoseira_raptora"	"Animalia"	"Arthropoda"	"Collembola"	"Entomobryomorpha"	"Entomobryidae"	"Tyrannoseira"	"Tyrannoseira raptora"
"Anurophorus_chukoticus"	"Animalia"	"Arthropoda"	"Collembola"	"Entomobryomorpha"	"Isotomidae"	"Anurophorus"	"Anurophorus chukoticus"
"Cryptopygus_antarcticus"	"Animalia"	"Arthropoda"	"Collembola"	"Entomobryomorpha"	"Isotomidae"	"Cryptopygus"	"Cryptopygus antarcticus"
"Cryptopygus_a_travei"	"Animalia"	"Arthropoda"	"Collembola"	"Entomobryomorpha"	"Isotomidae"	"Cryptopygus"	"Cryptopygus a. travei"
"Cryptopygus_terranovus"	"Animalia"	"Arthropoda"	"Collembola"	"Entomobryomorpha"	"Isotomidae"	"Cryptopygus"	"Cryptopygus terranovus"
"Folsomia_candida"	"Animalia"	"Arthropoda"	"Collembola"	"Entomobryomorpha"	"Isotomidae"	"Folsomia"	"Folsomia candida"
"Folsomia_cf_stella"	"Animalia"	"Arthropoda"	"Collembola"	"Entomobryomorpha"	"Isotomidae"	"Folsomia"	"Folsomia cf. stella"
"Folsomia_cf_villosa"	"Animalia"	"Arthropoda"	"Collembola"	"Entomobryomorpha"	"Isotomidae"	"Folsomia"	"Folsomia cf. villosa"
"Folsomia_ozeana"	"Animalia"	"Arthropoda"	"Collembola"	"Entomobryomorpha"	"Isotomidae"	"Folsomia"	"Folsomia ozeana"
"Tetracanthella_sp"	"Animalia"	"Arthropoda"	"Collembola"	"Entomobryomorpha"	"Isotomidae"	"Tetracanthella"	"Tetracanthella sp."
"Desoria_cf_nivea"	"Animalia"	"Arthropoda"	"Collembola"	"Entomobryomorpha"	"Isotomidae"	"Desoria"	"Desoria cf. nivea"
"Desoria_choi"	"Animalia"	"Arthropoda"	"Collembola"	"Entomobryomorpha"	"Isotomidae"	"Desoria"	"Desoria choi"
"Desoria_tigrina"	"Animalia"	"Arthropoda"	"Collembola"	"Entomobryomorpha"	"Isotomidae"	"Desoria"	"Desoria tigrina"
"Desoria_trispinata"	"Animalia"	"Arthropoda"	"Collembola"	"Entomobryomorpha"	"Isotomidae"	"Desoria"	"Desoria trispinata"
"Folsomotoma_octooculata"	"Animalia"	"Arthropoda"	"Collembola"	"Entomobryomorpha"	"Isotomidae"	"Folsomotoma"	"Folsomotoma octooculata"
"Isotoma_pinnata"	"Animalia"	"Arthropoda"	"Collembola"	"Entomobryomorpha"	"Isotomidae"	"Isotoma"	"Isotoma pinnata"
"Isotoma_sp"	"Animalia"	"Arthropoda"	"Collembola"	"Entomobryomorpha"	"Isotomidae"	"Isotoma"	"Isotoma sp."
"Isotomurus_maculatus"	"Animalia"	"Arthropoda"	"Collembola"	"Entomobryomorpha"	"Isotomidae"	"Isotomurus"	"Isotomurus maculatus"
"Kaylathalia_klovstadi"	"Animalia"	"Arthropoda"	"Collembola"	"Entomobryomorpha"	"Isotomidae"	"Kaylathalia"	"Kaylathalia klovstadi"
"Metisotoma_macnamarai"	"Animalia"	"Arthropoda"	"Collembola"	"Entomobryomorpha"	"Isotomidae"	"Metisotoma"	"Metisotoma macnamarai"
"Parisot_cf_hyonosen"	"Animalia"	"Arthropoda"	"Collembola"	"Entomobryomorpha"	"Isotomidae"	"Parisotoma"	"Parisotoma cf. hyonosenenis"
"Parisotoma_cf_ekmani"	"Animalia"	"Arthropoda"	"Collembola"	"Entomobryomorpha"	"Isotomidae"	"Parisotoma"	"Parisotoma cf. ekmani"
"Pseudisotoma_sensibilis"	"Animalia"	"Arthropoda"	"Collembola"	"Entomobryomorpha"	"Isotomidae"	"Pseudisotoma"	"Pseudisotoma sensibilis"
"Semicerura_cf_goryshini"	"Animalia"	"Arthropoda"	"Collembola"	"Entomobryomorpha"	"Isotomidae"	"Semicerura"	"Semicerura cf. goryshini"
"Semicerura_sp"	"Animalia"	"Arthropoda"	"Collembola"	"Entomobryomorpha"	"Isotomidae"	"Semicerura"	"Semicerura sp."
"Vertagopus_asiaticus"	"Animalia"	"Arthropoda"	"Collembola"	"Entomobryomorpha"	"Isotomidae"	"Vertagopus"	"Vertagopus asiaticus"
"Vertagopus_laricis"	"Animalia"	"Arthropoda"	"Collembola"	"Entomobryomorpha"	"Isotomidae"	"Vertagopus"	"Vertagopus laricis"
"Paranurophorus_simplex"	"Animalia"	"Arthropoda"	"Collembola"	"Entomobryomorpha"	"Isotomidae"	"Paranurophorus"	"Paranurophorus simplex"
"Proisotoma_minuta"	"Animalia"	"Arthropoda"	"Collembola"	"Entomobryomorpha"	"Isotomidae"	"Proisotoma"	"Proisotoma minuta"
"Subisotoma_sp"	"Animalia"	"Arthropoda"	"Collembola"	"Entomobryomorpha"	"Isotomidae"	"Subisotoma"	"Subisotoma sp."
"Dicranocentrus_wangi"	"Animalia"	"Arthropoda"	"Collembola"	"Entomobryomorpha"	"Orchesellidae"	"Dicranocentrus"	"Dicranocentrus wangi"
"Sinodicranocentrus_sp"	"Animalia"	"Arthropoda"	"Collembola"	"Entomobryomorpha"	"Orchesellidae"	"Sinodicranocentrus"	"Sinodicranocentrus sp."
"Nothobrya_sertaneja"	"Animalia"	"Arthropoda"	"Collembola"	"Entomobryomorpha"	"Orchesellidae"	"Nothobrya"	"Nothobrya sertaneja"
"Orchesella_cincta"	"Animalia"	"Arthropoda"	"Collembola"	"Entomobryomorpha"	"Orchesellidae"	"Orchesella"	"Orchesella cincta"
"Orchesella_villosa"	"Animalia"	"Arthropoda"	"Collembola"	"Entomobryomorpha"	"Orchesellidae"	"Orchesella"	"Orchesella villosa"
"Orchesellides_sinensis"	"Animalia"	"Arthropoda"	"Collembola"	"Entomobryomorpha"	"Orchesellidae"	"Orchesellides"	"Orchesellides sinensis"
"Cyphoderus_albinus"	"Animalia"	"Arthropoda"	"Collembola"	"Entomobryomorpha"	"Paronellidae"	"Cyphoderus"	"Cyphoderus albinus"
"Paronellides_praefectus"	"Animalia"	"Arthropoda"	"Collembola"	"Entomobryomorpha"	"Paronellidae"	"Paronellides"	"Paronellides praefectus"
"Troglopedetes_dispersus"	"Animalia"	"Arthropoda"	"Collembola"	"Entomobryomorpha"	"Paronellidae"	"Troglopedetes"	"Troglopedetes dispersus"
"Trogolaphysa_sp_AM47"	"Animalia"	"Arthropoda"	"Collembola"	"Entomobryomorpha"	"Paronellidae"	"Trogolaphysa"	"Trogolaphysa sp. AM47"
"Trogolaphysa_sp"	"Animalia"	"Arthropoda"	"Collembola"	"Entomobryomorpha"	"Paronellidae"	"Trogolaphysa"	"Trogolaphysa sp."
"Zhuqinia_jingwanae"	"Animalia"	"Arthropoda"	"Collembola"	"Entomobryomorpha"	"Paronellidae"	"Zhuqinia"	"Zhuqinia jingwanae"
"Akabosia_matsudoensis"	"Animalia"	"Arthropoda"	"Collembola"	"Entomobryomorpha"	"Paronellidae"	"Akabosia"	"Akabosia matsudoensis"
"Callyntrura_guangdongensis"	"Animalia"	"Arthropoda"	"Collembola"	"Entomobryomorpha"	"Paronellidae"	"Callyntrura"	"Callyntrura guangdongensis"
"Callyntrura_sp"	"Animalia"	"Arthropoda"	"Collembola"	"Entomobryomorpha"	"Paronellidae"	"Callyntrura"	"Callyntrura sp."
"Salina_celebensis"	"Animalia"	"Arthropoda"	"Collembola"	"Entomobryomorpha"	"Paronellidae"	"Salina"	"Salina celebensis"
"Plutomurus_gul"	"Animalia"	"Arthropoda"	"Collembola"	"Entomobryomorpha"	"Tomoceridae"	"Plutomurus"	"Plutomurus gul"
"Pogonognathelus_flavensis"	"Animalia"	"Arthropoda"	"Collembola"	"Entomobryomorpha"	"Tomoceridae"	"Pogonognathelus"	"Pogonognathelus flavensis"
"Pogonognathelus_longicornis"	"Animalia"	"Arthropoda"	"Collembola"	"Entomobryomorpha"	"Tomoceridae"	"Pogonognathelus"	"Pogonognathelus longicornis"
"Tomocerus_maximus"	"Animalia"	"Arthropoda"	"Collembola"	"Entomobryomorpha"	"Tomoceridae"	"Tomocerus"	"Tomocerus maximus"
"Tomocerus_nigrus"	"Animalia"	"Arthropoda"	"Collembola"	"Entomobryomorpha"	"Tomoceridae"	"Tomocerus"	"Tomocerus nigrus"
"Tomocerus_qinae"	"Animalia"	"Arthropoda"	"Collembola"	"Entomobryomorpha"	"Tomoceridae"	"Tomocerus"	"Tomocerus qinae"
"Tomocerus_vulgaris"	"Animalia"	"Arthropoda"	"Collembola"	"Entomobryomorpha"	"Tomoceridae"	"Tomocerus"	"Tomocerus vulgaris"
"Megalothorax_incertus"	"Animalia"	"Arthropoda"	"Collembola"	"Neelipleona"	"Neelidae"	"Megalothorax"	"Megalothorax incertus"
"Neelides_sp"	"Animalia"	"Arthropoda"	"Collembola"	"Neelipleona"	"Neelidae"	"Neelides"	"Neelides sp."
"Neelus_murinus"	"Animalia"	"Arthropoda"	"Collembola"	"Neelipleona"	"Neelidae"	"Neelus"	"Neelus murinus"
"Brachystomella_parvula"	"Animalia"	"Arthropoda"	"Collembola"	"Poduromorpha"	"Brachystomellidae"	"Brachystomella"	"Brachystomella parvula"
"Ceratophysella_communis"	"Animalia"	"Arthropoda"	"Collembola"	"Poduromorpha"	"Hypogastruridae"	"Ceratophysella"	"Ceratophysella communis"
"Gomphiocephalus_hodgsoni"	"Animalia"	"Arthropoda"	"Collembola"	"Poduromorpha"	"Hypogastruridae"	"Gomphiocephalus"	"Gomphiocephalus hodgsoni"
"Friesea_antarctica"	"Animalia"	"Arthropoda"	"Collembola"	"Poduromorpha"	"Neanuridae"	"Friesea"	"Friesea antarctica"
"Friesea_gretae"	"Animalia"	"Arthropoda"	"Collembola"	"Poduromorpha"	"Neanuridae"	"Friesea"	"Friesea gretae"
"Friesea_grisea"	"Animalia"	"Arthropoda"	"Collembola"	"Poduromorpha"	"Neanuridae"	"Friesea"	"Friesea grisea"
"Bilobella_aurantiaca"	"Animalia"	"Arthropoda"	"Collembola"	"Poduromorpha"	"Neanuridae"	"Bilobella"	"Bilobella aurantiaca"
"Yuukianura_szeptyckii"	"Animalia"	"Arthropoda"	"Collembola"	"Poduromorpha"	"Neanuridae"	"Yuukianura"	"Yuukianura szeptyckii"
"Pseudachorutes_palmiensis"	"Animalia"	"Arthropoda"	"Collembola"	"Poduromorpha"	"Neanuridae"	"Pseudachorutes"	"Pseudachorutes palmiensis"
"Allonychiurus_kimi"	"Animalia"	"Arthropoda"	"Collembola"	"Poduromorpha"	"Onychiuridae"	"Allonychiurus"	"Allonychiurus kimi"
"Orthonychiurus_folsomi"	"Animalia"	"Arthropoda"	"Collembola"	"Poduromorpha"	"Onychiuridae"	"Orthonychiurus"	"Orthonychiurus folsomi"
"Thalassaphorura_encarpata"	"Animalia"	"Arthropoda"	"Collembola"	"Poduromorpha"	"Onychiuridae"	"Thalassaphorura"	"Thalassaphorura encarpata"
"Thalassaphorura_orientalis"	"Animalia"	"Arthropoda"	"Collembola"	"Poduromorpha"	"Onychiuridae"	"Thalassaphorura"	"Thalassaphorura orientalis"
"Tetrodontophora_bielanensis"	"Animalia"	"Arthropoda"	"Collembola"	"Poduromorpha"	"Onychiuridae"	"Tetrodontophora"	"Tetrodontophora bielanensis"
"Podura_aquatica"	"Animalia"	"Arthropoda"	"Collembola"	"Poduromorpha"	"Poduridae"	"Podura"	"Podura aquatica"
"Acerentomon_microrhinus"	"Animalia"	"Arthropoda"	"Protura"	"Acerentomata"	"Acerentomidae"	"Acerentomon"	"Acerentomon microrhinus"
"Sinentomon_erythranum"	"Animalia"	"Arthropoda"	"Protura"	"Sinentomata"	"Sinentomidae"	"Sinentomon"	"Sinentomon erythranum"
"Bourletiella_arvalis"	"Animalia"	"Arthropoda"	"Collembola"	"Symphypleona"	"Bourletiellidae"	"Bourletiella"	"Bourletiella arvalis"
"Pseudobourletiella_spinata"	"Animalia"	"Arthropoda"	"Collembola"	"Symphypleona"	"Bourletiellidae"	"Pseudobourletiella"	"Pseudobourletiella spinata"
"Dicyrtomina_saundersi"	"Animalia"	"Arthropoda"	"Collembola"	"Symphypleona"	"Dicyrtomidae"	"Dicyrtomina"	"Dicyrtomina saundersi"
"Ptenothrix_huangshanensis"	"Animalia"	"Arthropoda"	"Collembola"	"Symphypleona"	"Dicyrtomidae"	"Ptenothrix"	"Ptenothrix huangshanensis"
"Allacma_fusca"	"Animalia"	"Arthropoda"	"Collembola"	"Symphypleona"	"Sminthuridae"	"Allacma"	"Allacma fusca"
"Sminthurus_viridis"	"Animalia"	"Arthropoda"	"Collembola"	"Symphypleona"	"Sminthuridae"	"Sminthurus"	"Sminthurus viridis"
"Lipothrix_lubbocki"	"Animalia"	"Arthropoda"	"Collembola"	"Symphypleona"	"Sminthuridae"	"Lipothrix"	"Lipothrix lubbocki"
"Sminthurides_aquaticus"	"Animalia"	"Arthropoda"	"Collembola"	"Symphypleona"	"Sminthurididae"	"Sminthurides"	"Sminthurides aquaticus"
"Sminthurides_bifidus"	"Animalia"	"Arthropoda"	"Collembola"	"Symphypleona"	"Sminthurididae"	"Sminthurides"	"Sminthurides bifidus"
"Oncopodura_yosiiana"	"Animalia"	"Arthropoda"	"Collembola"	"Entomobryomorpha"	"Oncopoduridae"	"Oncopodura"	"Oncopodura yosiiana"
"Xenyllodes_armatus"	"Animalia"	"Arthropoda"	"Collembola"	"Poduromorha"	"Odontellidae"	"Xenyllodes"	"Xenyllodes armatus"
"Superodontella_alpina"	"Animalia"	"Arthropoda"	"Collembola"	"Poduromorha"	"Odontellidae"	"Superodontella"	"Superodontella alpina"
"Tullbergia_mediantarctica"	"Animalia"	"Arthropoda"	"Collembola"	"Poduromorha"	"Tullbergiidae"	"Tullbergia"	"Tullbergia mediantarctica"
"Tullbergia_mixta"	"Animalia"	"Arthropoda"	"Collembola"	"Poduromorha"	"Tullbergiidae"	"Tullbergia"	"Tullbergia mixta"
"Arrhopalites_hirtus"	"Animalia"	"Arthropoda"	"Collembola"	"Symphypleona"	"Arrhopalitidae"	"Arrhopalites"	"Arrhopalites hirtus"
"Pygmarrhopalites_aggtelekiensis"	"Animalia"	"Arthropoda"	"Collembola"	"Symphypleona"	"Arrhopalitidae"	"Pygmarrhopalites"	"Pygmarrhopalites aggtelekiensis"
"Pygmarrhopalites_pygmaeus"	"Animalia"	"Arthropoda"	"Collembola"	"Symphypleona"	"Arrhopalitidae"	"Pygmarrhopalites"	"Pygmarrhopalites pygmaeus"
"Sminthurinus_elegans"	"Animalia"	"Arthropoda"	"Collembola"	"Symphypleona"	"Katiannidae"	"Sminthurinus"	"Sminthurinus elegans"
"Sminthurinus_bimaculatus"	"Animalia"	"Arthropoda"	"Collembola"	"Symphypleona"	"Katiannidae"	"Sminthurinus"	"Sminthurinus bimaculatus"
"Spinotheca_sp"	"Animalia"	"Arthropoda"	"Collembola"	"Symphypleona"	"Spinothecidae"	"Spinotheca"	"Spinotheca sp"
"Heterojapyx_sp"	"Animalia"	"Arthropoda"	"Diplura"	"Dicellurata"	"Heterojapygidae"	"Heterojapyx"	"Heterojapyx sp"
"Parajapyx_pauliani"	"Animalia"	"Arthropoda"	"Diplura"	"Dicellurata"	"Parajapygidae"	"Parajapyx"	"Parajapyx pauliani"
"Parajapyx_yangi"	"Animalia"	"Arthropoda"	"Diplura"	"Dicellurata"	"Parajapygidae"	"Parajapyx"	"Parajapyx yangi"
"Parajapyx_isabellae"	"Animalia"	"Arthropoda"	"Diplura"	"Dicellurata"	"Parajapygidae"	"Parajapyx"	"Parajapyx isabellae"
"Anajapygidae_sp"	"Animalia"	"Arthropoda"	"Diplura"	"Rhabdura"	"Anajapygidae"	"Anajapygidae"	"Anajapygidae sp"
"Octostigma_sinensis"	"Animalia"	"Arthropoda"	"Diplura"	"Rhabdura"	"Octostigmatidae"	"Octostigma"	"Octostigma sinensis"
"Projapygidae_sp"	"Animalia"	"Arthropoda"	"Diplura"	"Rhabdura"	"Projapygidae"	"Projapygidae"	"Projapygidae sp"
"Hesperentomon_bolense"	"Animalia"	"Arthropoda"	"Protura"	"Acerentomata"	"Hesperentomidae"	"Hesperentomon"	"Hesperentomon bolense"
"Hesperentomon_pectigastrulum"	"Animalia"	"Arthropoda"	"Protura"	"Acerentomata"	"Hesperentomidae"	"Hesperentomon"	"Hesperentomon pectigastrulum"
"Hesperentomon_chinghaiense"	"Animalia"	"Arthropoda"	"Protura"	"Acerentomata"	"Hesperentomidae"	"Hesperentomon"	"Hesperentomon chinghaiense"
"Huhentomon_plicatunguis"	"Animalia"	"Arthropoda"	"Protura"	"Acerentomata"	"Hesperentomidae"	"Huhentomon"	"Huhentomon plicatunguis"
"Condeellum_ishiianum"	"Animalia"	"Arthropoda"	"Protura"	"Acerentomata"	"Protentomidae"	"Condeellum"	"Condeellum ishiianum"
"Neocondeellum_brachytarsum"	"Animalia"	"Arthropoda"	"Protura"	"Acerentomata"	"Protentomidae"	"Neocondeellum"	"Neocondeellum brachytarsum"
"Proturentomon_chinense"	"Animalia"	"Arthropoda"	"Protura"	"Acerentomata"	"Protentomidae"	"Proturentomon"	"Proturentomon chinense"
"Eosentomon_nivoculum"	"Animalia"	"Arthropoda"	"Protura"	"Eosentomata"	"Eosentomidae"	"Eosentomon"	"Eosentomon nivoculum"
"Anisentomon_chinense"	"Animalia"	"Arthropoda"	"Protura"	"Eosentomata"	"Eosentomidae"	"Anisentomon"	"Anisentomon chinense"
"Fujientomon_dicestum"	"Animalia"	"Arthropoda"	"Protura"	"Sinentomata"	"Fujientomidae"	"Fujientomon"	"Fujientomon dicestum"
"Andinentulus_rapoporti"	"Animalia"	"Arthropoda"	"Protura"	"Sinentomata"	"Acerentomidae"	"Andinentulus"	"Andinentulus rapoporti"
"Yamatentomon_guoi"	"Animalia"	"Arthropoda"	"Protura"	"Sinentomata"	"Acerentomidae"	"Yamatentomon"	"Yamatentomon guoi"
"Acerentulus_charrieri"	"Animalia"	"Arthropoda"	"Protura"	"Sinentomata"	"Acerentomidae"	"Acerentulus"	"Acerentulus charrieri"
"Occasjapyx_japonicus"	"Animalia"	"Arthropoda"	"Diplura"	"Dicellurata"	"Japygidae"	"Occasjapyx"	"Occasjapyx japonicus"
"Lepidocampa_weberi"	"Animalia"	"Arthropoda"	"Diplura"	"Rhabdura"	"Campodeidae"	"Lepidocampa"	"Lepidocampa weberi"
"Peronospora_tabacina"	"Chromista"	"Oomycota"	"Peronosporea"	"Peronosporales"	"Peronosporacea"	"Peronospora"	"Peronospora tabacina"
"Aphanomyces_astaci"	"Chromista"	"Oomycota"	"Peronosporea"	"Saprolegniales"	"Saprolegniaceae"	"Aphanomyces"	"Aphanomyces astaci"
"Steinernema_carpocapsae"	"Animalia"	"Nematoda"	"Chromadorea"	"Rhabditida"	"Steinernematidae"	"Steinernema"	"Steinernema carpocapsae"
"Epipenaeon_fissurae"	"Animalia"	"Arthropoda"	"Malacostraca"	"Isopoda"	"Bopyridae"	"Epipenaeon"	"Epipenaeon fissurae"
"Hypsibius_dujardini"	"Animalia"	"Tardigrada"	"Eutardigrada"	"Parachela"	"Hypsibiidae"	"Hypsibius"	"Hypsibius dujardini"
"Anaulaciulus_koreanus"	"Animalia"	"Arthropoda"	"Diplopoda"	"Julida"	"Julidae"	"Anaulaciulus"	"Anaulaciulus koreanus"
"Apodemus_sylvaticus"	"Animalia"	"Chordata"	"Mammalia"	"Rodentia"	"Muridae"	"Apodemus"	"Apodemus sylvaticus"
"Cepaea_nemoralis"	"Animalia"	"Mollusca"	"Gastropoda"	"Stylommatophora"	"Helicidae"	"Cepaea"	"Cepaea nemoralis"
"Amphitetranychus_viennensis"	"Animalia"	"Arthropoda"	"Arachnida"	"Trombidiformes"	"Tetranychidae"	"Amphitetranychus"	"Amphitetranychus viennensis"
"Erigone_atra"	"Animalia"	"Arthropoda"	"Arachnida"	"Araneae"	"Linyphiidae"	"Erigone"	"Erigone atra"
"Parasitus_fimetorum"	"Animalia"	"Arthropoda"	"Arachnida"	"Mesostigmata"	"Parasitidae"	"Parasitus"	"Parasitus fimetorum"
"Opilio_parietinus"	"Animalia"	"Arthropoda"	"Arachnida"	"Opiliones"	"Phalangiidae"	"Opilio"	"Opilio parietinus"
"Enchytraeus_irregularis"	"Animalia"	"Annelida"	"Clitellata"	"Enchytraeida"	"Enchytraeidae"	"Enchytraeus"	"Enchytraeus irregularis"
"Reclinomonas_americana"	"Diphoda"	"Discoba"	"Jakobea"	"Jakobida"	"Histionidae"	"Reclinomonas"	"Reclinomonas americana"
"Petrobius_brevistylis"	"Animalia"	"Arthropoda"	"Insecta"	"Archaeognatha"	"Machilidae"	"Petrobius"	"Petrobius brevistylis"
"Lepisma_saccharina"	"Animalia"	"Arthropoda"	"Insecta"	"Zygentoma"	"Lepismatidae"	"Lepisma"	"Lepisma saccharinum"
"Cloeon_dipterum"	"Animalia"	"Arthropoda"	"Insecta"	"Ephemeroptera"	"Baetidae"	"Baetis"	"Cloeon dipterum"
"Drosophila_melanogaster"	"Animalia"	"Arthropoda"	"Insecta"	"Diptera"	"Drosophilidae"	"Drosophila"	"Drosophila melanogaster"
"Sylvia_borin"	"Animalia"	"Chordata"	"Aves"	"Passeriformes"	"Sylviidae"	"Sylvia"	"Sylvia borin"
"Caloglyphus_berlesei"	"Animalia"	"Arthropoda"	"Arachnida"	"Sarcoptiformes"	"Acaridae"	"Caloglyphus"	"Caloglyphus berlesei"
